year,sig05,sig095,sig105,sig15,sig2,sig25,sig3,sig35,sig4,sig45,sig5
2011,12.6367914479619,12.655760862523,9.8354258779104,8.04403368184049,8.82843970622646,9.60058732214581,10.3469765020583,11.0558960856381,11.718074885955,12.3270152322726,12.8790119822623
2012,10.4942791028754,10.2348365298117,7.86761410266594,6.01011869354776,6.19253825218503,6.37560749109576,6.55904445272542,6.74256430544721,6.92588134754861,7.1087107546447,7.29077055416455
2013,10.5405286473632,10.2369959556898,7.85651269368519,5.9303792354229,6.03615028038043,6.14227485713061,6.24869774887137,6.35536224775158,6.46221032843973,6.56918285877647,6.67621984843534
2014,10.5835014330841,10.2390724437524,7.84757648377287,5.85778431011643,5.89191401835263,5.92610777380933,5.96036479782985,5.99468428142944,6.02906527556856,6.06350658310882,6.09800666907778
2015,10.6231626318786,10.2407083772704,7.83888794154551,5.78924172522839,5.75621868006683,5.72323537944466,5.69029546279986,5.65740297860847,5.62456221200303,5.59177749964729,5.55905305398102
2016,10.6596498702144,10.2419061169768,7.8304397626297,5.72466876557854,5.62892250894874,5.53356430280033,5.43863580571126,5.34417857092354,5.25023378331782,5.15684198165561,5.06404279003413
2017,10.6931033768211,10.2426689398996,7.82222266599274,5.66396297998325,5.50982149424535,5.35684255332853,5.20518894040793,5.0550183964497,4.90648280396255,4.75972740855715,4.61489010738335
2018,10.7236647043322,10.2430009205482,7.81422555485933,5.60700471291392,5.39866003302709,5.19269034125379,4.98948513536576,4.78941291470942,4.59281856828714,4.40002112598847,4.21131191847563
2019,10.7514755110857,10.2429067959996,7.80643569577459,5.55365972164473,5.29514116387048,5.04062897692269,4.79084779986549,4.54646621750977,4.30809042521622,4.07625936266336,3.85144137544764
2020,10.7766764222334,10.2423918197037,7.79883890996154,5.50378180791954,5.19893613978858,4.90010702700443,4.60845256026606,4.32501285174984,4.05069791739654,3.78627969640153,3.53238818225694
2021,10.7994059859568,10.2414616088613,7.79141977106778,5.45721539942573,5.1096931782827,4.77052327296056,4.4413779930943,4.12371679077539,3.81876692946719,3.52751342718187,3.25069783385444
2022,10.8197997368135,10.2401219900229,7.78416180364956,5.41379802482405,5.02704528932513,4.65124631063253,4.28864762150109,3.9411514182692,3.6102889005331,3.29721131369663,3.00269712677413
2023,10.8379893742876,10.238378847148,7.7770476772518,5.37336263600222,4.95061713568431,4.54163084761948,4.14926350278016,3.77586140388753,3.42322506436427,3.09260682974043,2.78473458071159
2024,10.854102060723,10.2362379757908,7.77005939164419,5.3357397418496,4.88003092352867,4.44103090405997,4.02223217916914,3.62640850392157,3.25558031426261,2.91102645821236,2.59333427623063
2025,10.868259839178,10.2337049464095,7.76317844959658,5.30075932851054,4.814911354826,4.34881021344942,3.90658399135006,3.49140382787198,3.1054522811819,2.74995820297732,2.42528391457511
2026,10.8805791685046,10.2307849790785,7.75638601445267,5.26825255118622,4.75488969743193,4.26435016561016,3.80138682471029,3.3695291844297,2.97106116996971,2.60708898503914,2.2776760945406
2027,10.8911705702347,10.2274828311709,7.74966305063159,5.23805319168558,4.69960704505129,4.18705564585478,3.70575532596174,3.25954993328829,2.85076529682157,2.48032003421437,2.14791829887954
2028,10.9001383797065,10.223802698905,7.74299044600075,5.20999888377627,4.64871684875426,4.11635911322765,3.61885653460866,3.16032145192604,2.74306643981013,2.36776751596,2.03372331112648
2029,10.907580592287,10.2197481330557,7.73634911578916,5.18393211480386,4.60188680576557,4.05172323503232,3.53991275112073,3.07079096568995,2.64660825454709,2.26775384517644,1.93308843587838
2030,10.9135887945324,10.2153219686247,7.72972008832248,5.15970101699129,4.55880019107901,3.99264236121435,3.46820233262873,2.98999613766389,2.56017022552563,2.1787936150174,1.8442692152141
2031,10.9182481696131,10.210526267856,7.72308457335232,5.13715996536233,4.51915671421393,3.93864308533551,3.40305898069485,2.91706149970643,2.48265896562694,2.09957685890927,1.76575132753138
2032,10.9216375662421,10.2053622756841,7.71642401412213,5.11617000147974,4.48267297809144,3.88928410209012,3.34386997153591,2.8511935391542,2.41309815028642,2.02895145047628,1.6962229260209
2033,10.9238296206233,10.1998303864887,7.70972012456668,5.09659910332168,4.44908261036083,3.84415553663377,3.29007368028061,2.79167503855995,2.35061796849316,1.96590578283422,1.63454869710256
2034,10.9248909214724,10.1939301209068,7.70295491319688,5.07832232183312,4.41813613018018,3.80287788957896,3.24115666811399,2.73785909463748,2.29444467167058,1.90955240308284,1.57974627628204
2035,10.9248822089073,10.1876601114011,7.69611069528939,5.06122180417734,4.38960060592674,3.76510071389071,3.19665053366596,2.68916311105544,2.24389058332572,1.85911296112051,1.53096525247374
2036,10.9238585988702,10.1810180952881,7.68917009499964,5.045186722662,4.36325915192879,3.73050111618963,3.15612867610534,2.64506296094079,2.19834477838313,1.8139046235636,1.48746874714637
2037,10.9218698256779,10.17400091398,7.68211603896242,5.03011312689181,4.3389103053102,3.69878215497268,3.11920307516148,2.60508744232691,2.1572645353526,1.77332797181576,1.44861741722292
2038,10.9189604962521,10.1666045172771,7.67493174285159,5.0159037350482,4.31636731757371,3.66967119167723,3.08552116074823,2.56881309751528,2.12016759403716,1.73685632437106,1.41385566223938
2039,10.9151703505197,10.158823971651,7.66760069225283,5.00246767843229,4.29545738970085,3.64291823694379,3.05476282018598,2.53585943055987,2.08662520636674,1.70402637991712,1.38269979070378
2040,10.9105345233614,10.1506534715762,7.66010661907068,4.9897202116239,4.27602087435225,3.61829432347364,3.02663757260883,2.50588453192136,2.05625594060235,1.67443005744946,1.35472790050892
2041,10.905083804317,10.1420863530858,7.65243347455321,4.97758239887432,4.25791046420538,3.59558992812197,3.00088192664493,2.47858110269416,2.02872018402831,1.64770740388897,1.3295712423303
2042,10.8988448920038,10.1331151088522,7.64456539988028,4.96598078571274,4.24099038154307,3.57461345895556,2.97725692775411,2.4536728603218,2.00371528230948,1.6235404428183,1.30690685603339
2043,10.891840640876,10.1237314042031,7.63648669512966,4.95484706323791,4.22513558085979,3.55518981760638,2.95554589479333,2.43091130159481,1.98097125207477,1.60164784606254,1.28645129383023
2044,10.8840902985345,10.1139260935969,7.628181787313,4.94411773120486,4.21023097343394,3.53715904308954,2.93555234074369,2.41007279564306,1.96024700499471,1.58178032042417,1.26795526768543
2045,10.8756097323072,10.1036892371758,7.6196351980614,4.93373376480897,4.19617068046382,3.52037504008434,2.91709806951139,2.39095597861052,1.94132702527281,1.56371661335644,1.25119908085053
2046,10.8664116442442,10.0930101171061,7.61083151144132,4.92364028901562,4.18285731942949,3.50470439230249,2.90002143887724,2.37337942203422,1.92401844714438,1.54726005275793,1.2359887237087
2047,10.8565057740321,10.0818772534925,7.60175534229389,4.91378626337744,4.1702013267657,3.49002525982204,2.88417577868788,2.35717954813273,1.90814848406293,1.53223554684421,1.22215253208138
2048,10.8458990896297,10.0702784197219,7.59239130541524,4.9041241795113,4.15812031866184,3.47622635801388,2.86942795300314,2.34220876689183,1.89356216636524,1.51848697991142,1.20953832178304
2049,10.8345959656641,10.0582006571503,7.58272398583216,4.89460977276431,4.14653849079841,3.46320601482192,2.85565705495574,2.32833381177131,1.88012034910933,1.50587494863867,1.19801092665315
2050,10.8225983498182,10.045630289098,7.57273791037321,4.88520174906575,4.13538605704225,3.45087130258896,2.84275322340176,2.31543425288427,1.8676979563403,1.49427479136643,1.1874500787507
2051,10.8099059175911,10.0325529341587,7.56241752069233,4.87586152753001,4.1245987265197,3.43913724027911,2.83061657094262,2.30340116851011,1.85618243219502,1.48357486958405,1.17774857910052
2052,10.7965162159232,10.0189535188656,7.55174714786599,4.8665529990284,4.11411721803489,3.42792606177827,2.81915621350902,2.2921359577296,1.84547237298705,1.47367506674102,1.16881071556352
2053,10.7824247962653,10.0048162897854,7.54071098865747,4.85724230067549,4.1038868104731,3.41716654591291,2.80828939236265,2.28154927877515,1.8354763177261,1.46448547455526,1.16055089128112
2054,10.7676253377258,9.99012482513605,7.52929308352011,4.84789760596487,4.09385692760127,3.40679340388015,2.79794068005539,2.2715600993508,1.82611167744325,1.45592524132431,1.15289243291319
2055,10.7521097609736,9.97486204604508,7.51747729639534,4.83848893013205,4.08398075553231,3.39674671990196,2.78804126256517,2.26209484669073,1.81730378624812,1.44792156044451,1.14576655272259
2056,10.7358683335919,9.95901022757958,7.50524729635031,4.82898795020748,4.07421489103613,3.38697144108263,2.77852829048327,2.25308664648914,1.80898505927018,1.44040878049437,1.13911144260528
2057,10.7188897675928,9.94255100969417,7.49258654109209,4.81936783914461,4.06451901884957,3.37741691264605,2.76934429275368,2.24447464105914,1.80109424457178,1.43332762091954,1.13287148155197
2058,10.7011613097987,9.92546540825286,7.47947826239155,4.80960311335854,4.05485561614268,3.36803645494476,2.76043664705106,2.23620337816882,1.79357575779744,1.42662447963615,1.12699654086353
2059,10.6826688257905,9.9077338262905,7.46590545344826,4.79966949298408,4.04518968233531,3.35878697885789,2.75175710142873,2.22822226297364,1.78637908977608,1.42025082080606,1.12144137381814
2060,10.6633968781095,9.88933606568595,7.45185085822842,4.78954377415481,4.03548849251538,3.34962863642319,2.74326134237318,2.22048506632396,1.77945827854955,1.41416263268515,1.11616507848177
2061,10.6433287993798,9.8702513394254,7.43729696280993,4.77920371261055,4.02572137278286,3.34052450377361,2.73490860486256,2.21294948348788,1.77277143838695,1.40831994684623,1.11113062402628
2062,10.6224467610007,9.85045828463912,7.42222598877224,4.7686279179581,4.01585949592751,3.33144029366879,2.72666132045079,2.20557673800234,1.76628033928381,1.40268641127111,1.10630443232769
2063,10.6007318380342,9.82993497659872,7.40661988867319,4.75779575793534,4.0058756959381,3.32234409512335,2.7184847997838,2.19833122596037,1.75995003125923,1.39722891082352,1.10165600780202
2064,10.5781640708897,9.80865894386539,7.39046034365976,4.74668727205966,3.99574429993478,3.31320613783467,2.71034694630492,2.19118019656691,1.75374850846761,1.39191722948199,1.09715760943707
2065,10.5547225243855,9.78660718478227,7.37372876326573,4.73528309407637,3.98544097621076,3.30399857930422,2.70221799822452,2.18409346526005,1.747646408753,1.38672374945413,1.09278395982396
2066,10.5303853447411,9.763756185506,7.35640628745434,4.72356438266015,3.97494259716346,3.29469531272422,2.69407029611681,2.17704315610402,1.74161674480399,1.38162318292934,1.08851198670935
2067,10.5051298150323,9.74008193977427,7.33847379097017,4.71151275986086,3.96422711598731,3.28527179386957,2.68587807376759,2.17000347052341,1.73563466352807,1.37659233277245,1.08432059319803
2068,10.4789324096178,9.71555997060707,7.3199118900698,4.69911025682322,3.95327345608865,3.27570488538966,2.6776172701319,2.16295047976797,1.72967723066592,1.37160987892923,1.08019045325317
2069,10.4517688480227,9.69016535413985,7.30070095170592,4.68633926634848,3.94206141226841,3.26597271703901,2.66926536047322,2.15586193878199,1.72372323801551,1.3666561877191,1.07610382958382
2070,10.4236141487442,9.66387274578645,7.28082110524451,4.67318250190247,3.93057156279813,3.25605456051872,2.6608012049485,2.14871711940373,1.71775303094196,1.36171314153887,1.07204441138717
2071,10.3944426834216,9.63665640892919,7.26025225679864,4.65962296271022,3.9187851915909,3.24593071772285,2.65220491307537,2.14149666104327,1.71174835411637,1.35676398680292,1.06799716973666
2072,10.3642282317934,9.60849024633117,7.23897410626564,4.64564390461048,3.90668421973919,3.23558242129628,2.6434577226747,2.13418243718548,1.70569221366066,1.35179319820673,1.06394822868565
2073,10.332944037843,9.57934783446377,7.21696616715742,4.63122881637514,3.89425114575759,3.22499174651358,2.63454189202226,2.12675743624089,1.69956875408184,1.34678635762809,1.05988475039604
2074,10.3005628675139,9.54920246093852,7.19420778931458,4.61636140122731,3.88146899392895,3.21414153358172,2.62544060406921,2.11920565542292,1.69336314855851,1.34173004617742,1.05579483280783
2075,10.2670570683557,9.51802716522743,7.17067818459572,4.60102556331854,3.86832127020841,3.20301531955543,2.61613788170551,2.11151200646959,1.68706150130254,1.33661174808146,1.05166741854499
2076,10.2323986314402,9.4857947828501,7.14635645563247,4.58520539895003,3.85479192519063,3.19159727913109,2.60661851314231,2.10366223215085,1.6806507608579,1.33141976523488,1.04749221390783
2077,10.1965592558675,9.45247799319781,7.12122162773839,4.56888519234381,3.84086532369204,3.17987217365503,2.59686798658098,2.09564283261287,1.67411864332226,1.32614314138592,1.04325961693702
2078,10.1595104161574,9.418049371156,7.09525268405634,4.55204941578904,3.82652622054125,3.16782530774547,2.58687243341874,2.08744100070783,1.66745356458566,1.32077159503739,1.0389606536514
2079,10.1212234328015,9.38248144267473,7.06842860402355,4.53468273400515,3.81175974220887,3.1554424929841,2.57661857931438,2.0790445655452,1.66064458077715,1.31529546024616,1.03458692166467
2080,10.0816695462232,9.34574674442425,7.04072840522655,4.51677001257678,3.79655137393985,3.14271001818318,2.56609370250238,2.0704419435764,1.65368133619375,1.30970563459134,1.03013054047384
2081,10.0408199943728,9.30781788765696,7.01213118870929,4.49829633032701,3.78088695208184,3.12961462577995,2.55528559880292,2.0616220965941,1.64655401806219,1.3039935336611,1.02558410779191
2082,9.99864609414998,9.26866762637959,6.98261618778691,4.47924699550363,3.76475266132698,3.11614349394881,2.54418255282563,2.05257449608664,1.63925331754869,1.29815105147486,1.02094066136373
2083,9.95511932682455,9.22826892991954,6.95216282040482,4.45960756565919,3.74813503660658,3.10228422405709,2.53277331491105,2.04328909344181,1.63177039649043,1.29217052631824,1.0161936457647
2084,9.91021142758741,9.18659505994598,6.92075074506738,4.4393638711089,3.73102096939543,3.08802483311975,2.52104708339351,2.03375629554098,1.62409685937332,1.28604471152062,1.01133688373343
2085,9.86389447933571,9.14361965198149,6.88835992034356,4.41850204185122,3.71339771819687,3.07335375093392,2.50899349180277,2.02396694532456,1.61622473012465,1.27976675075074,1.00636455163471
2086,9.81614101075571,9.099316801411,6.85497066793704,4.39700853783431,3.6952529229905,3.05825982159627,2.49660260065291,2.01391230694675,1.60814643332909,1.27333015744648,1.00127115868973
2087,9.76692409872964,9.053661153964,6.82056373928618,4.37487018244721,3.67657462343228,3.04273230912279,2.48386489349094,2.00358405516659,1.59985477950913,1.26672879802935,0.996051529643846
2088,9.71621747505072,9.00662800061105,6.78512038563514,4.35207419910827,3.65735128060106,3.02676090690576,2.47077127689979,1.99297426864982,1.59134295414111,1.2599568785849,0.990700790572982
2089,9.66399563738513,8.95819337677889,6.74862243149028,4.32860825081408,3.63757180208762,3.01033575075206,2.45731308416715,1.98207542687752,1.58260451010256,1.25300893471617,0.985214357555517
2090,9.61023396437297,8.90833416574748,6.71105235134695,4.30446048250125,3.61722557022113,2.99344743525559,2.44348208234609,1.97088041037636,1.57363336326791,1.24587982429972,0.979587927958612
2091,9.55490883470918,8.85702820604917,6.67239334954017,4.27961956605981,3.59630247322427,2.97608703326019,2.42927048244373,1.95938250400042,1.56442379098744,1.2385647228931,0.973817474107584
2092,9.49799774999274,8.80425440264424,6.63262944303893,4.25407474782172,3.57479293908222,2.95824611817154,2.41467095248242,1.9475754030063,1.55497043319918,1.23105912155826,0.967899239122686
2093,9.4394794610764,8.74999284159771,6.59174554696791,4.2278158983304,3.55268797190243,2.9399167888758,2.39967663318256,1.9354532216731,1.5452682959352,1.2233588268792,0.961829734721855
2094,9.37933409759145,8.69422490793135,6.54972756260272,4.2008335641785,3.52997919053175,2.92109169701966,2.38428115601949,1.92301050422529,1.53531275699373,1.21545996296269,0.955605740799339
2095,9.31754330026168,8.63693340627155,6.50656246754513,4.17311902168004,3.50665886918518,2.9017640764012,2.36847866340653,1.91024223782081,1.525099573555,1.2073589752201,0.949224306599348
2096,9.25409035555912,8.57810268385788,6.46223840774403,4.14466433212138,3.48271997982674,2.88192777421439,2.35226383075564,1.89714386737011,1.51462489152494,1.19905263573505,0.942682753312094
2097,9.1889603321909,8.51771875542149,6.41674479098574,4.11546239831245,3.45815623602805,2.86157728388132,2.33563189016353,1.88371131195188,1.50388525639359,1.19053805002701,0.935978677925306
2098,9.12214021884307,8.45576942938428,6.37007238143474,4.08550702213546,3.43296213801352,2.84070777919653,2.31857865546662,1.86994098259076,1.49287762539767,1.18181266502448,0.929109958169129
2099,9.0536190625434,8.39224443477302,6.32221339476318,4.05479296276461,3.40713301858478,2.81931514949764,2.30110054840281,1.85582980116118,1.4815993807777,1.17287427806482,0.92207475839647
2100,8.98338810694178,8.32713554818474,6.27316159336451,4.02331599520525,3.38066508959867,2.79739603556412,2.28319462561104,1.84137522017721,1.47004834391905,1.16372104673804,0.914871536242651
2101,8.91144092974561,8.2604367200843,6.2229123811055,3.99107296877735,3.35355548865687,2.77494786593553,2.26485860619319,1.8265752432267,1.45822279016684,1.15435149939436,0.907499049911247
2102,8.83777357848764,8.19214419966089,6.17146289703003,3.95806186514439,3.32580232564698,2.75196889332781,2.24609089955521,1.81142844580224,1.44612146410176,1.1447645461342,0.899956365933436
2103,8.76238470374772,8.1222566574188,6.11881210739029,3.92428185546636,3.29740472875907,2.72845823081556,2.2268906332368,1.79593399627873,1.43374359506286,1.13495949009996,0.892242867249539
2104,8.68527568889773,8.0507753046313,6.06496089534555,3.88973335623531,3.26836288958643,2.70441588743728,2.20725768043306,1.78009167678278,1.42108891270178,1.12493603888838,0.884358261462165
2105,8.60645077539231,7.97770400874284,6.00991214763687,3.85441808333272,3.23867810690531,2.67984280287103,2.18719268690451,1.76390190369607,1.40815766235075,1.11469431590235,0.876302589110937
2106,8.5259171825873,7.90304940376907,5.95367083751868,3.81833910383237,3.20835282871667,2.65474088082005,2.16669709696702,1.74736574753144,1.39495061998595,1.10423487146038,0.86807623181933
2107,8.44368522103472,7.82682099471313,5.89624410320593,3.78150088505922,3.17739069212403,2.62911302074165,2.14577317825013,1.73048495191947,1.38146910656745,1.09355869348337,0.859679920165691
2108,8.35976839817832,7.74903125499531,5.83764132107862,3.74390934040567,3.14579656061491,2.6029631475486,2.12442404490919,1.71326195144206,1.36771500153708,1.08266721757873,0.851114741131438
2109,8.27418351535914,7.66969571587927,5.77787417287596,3.70557187140141,3.11357655831006,2.57629623891127,2.10265367897774,1.69569988805101,1.35369075525759,1.07156233634396,0.842382144981876
2110,8.18695075503494,7.58883304687418,5.71695670610951,3.66649740553211,3.08073810074573,2.54911834978993,2.08046694954821,1.67780262581191,1.33939940017882,1.06024640771482,0.83348395143748
2111,8.09809375712546,7.50646512609949,5.65490538693025,3.62669642930727,3.04728992175892,2.52143663383204,2.05786962947449,1.6595747637189,1.32484456052191,1.04872226218749,0.82442235499764
2112,8.00766550829077,7.42262043513523,5.59173441873493,3.5861351590776,3.01315757104278,2.49314604622866,2.03473703606218,1.64088222971227,1.30989128222536,1.03686039387792,0.815077480424847
2113,7.91564267508465,7.33732080747579,5.52747575758072,3.54492453808837,2.97853126826122,2.46449547325611,2.01135434073669,1.62202561739851,1.29483836159416,1.02494511002615,0.805710901357999
2114,7.8220878031215,7.25060096613963,5.46214689477019,3.50302722770574,2.94332778232283,2.43536711504079,1.98758150629214,1.60285419827664,1.27953397331575,1.0128306364016,0.796187625365552
2115,7.72703917330983,7.16249651228767,5.39577494616981,3.46046097492446,2.90756225857796,2.40577373682628,1.96342917192584,1.58337675190497,1.263985299702,1.00052280472063,0.786512357212405
2116,7.63053837896949,7.07304599995483,5.32838895308839,3.41724440244319,2.87125034342419,2.37572828386172,1.93890790179256,1.56360179675237,1.24819914016661,0.988026996487349,0.776689326751533
2117,7.53263064633989,6.98229135070819,5.26002049394993,3.37339776026611,2.83440905062745,2.34524483285425,1.91402918353632,1.5435385960872,1.23218288874487,0.975349063937719,0.766723133922984
2118,7.43336480739616,6.89027782844451,5.190703665304,3.32894291351369,2.79705675107034,2.31433858347733,1.88880542135207,1.5231971523752,1.21594452961603,0.962495326490831,0.756618745960653
2119,7.3327932549462,6.79705399776378,5.12047505046391,3.28390332229952,2.75921315583486,2.28302584436463,1.8632499245474,1.50258819804903,1.19949262972964,0.949472564908045,0.746381492797547
2120,7.23097187958501,6.70267166552581,5.04937367547605,3.23830401348318,2.72089929245994,2.25132401345717,1.83737689149639,1.48172318256238,1.1828363284663,0.936288013105103,0.736017060626301
2121,7.12795998822217,6.60718580532655,4.97744095222229,3.19217154417176,2.68213747426678,2.21925155261538,1.81120138891336,1.46061425567026,1.16598532428635,0.922949347580207,0.725531483585793
2122,7.023820204049,6.51065446477052,4.90472060856185,3.14553395691012,2.64295126270144,2.18682795645401,1.78473932641244,1.43927424690814,1.14894985834426,0.909464674440647,0.714931133560254
2123,6.91861834797066,6.4131386555626,4.83125860553036,3.09842072657094,2.60336542270427,2.15407371540806,1.75800742635909,1.41771664127481,1.1317406950731,0.895842514031225,0.704222708093294
2124,6.81242330169412,6.31470222659615,4.75710304172899,3.05086269903005,2.56340587117754,2.1210102730885,1.73102318906218,1.39595555115796,1.11436909976985,0.882091783188962,0.693413216436167
2125,6.70530685283305,6.21541172037232,4.68230404515607,3.00289202178844,2.52309961868743,2.08765997804065,1.70380485339811,1.37400568457662,1.09684681324067,0.868221775170825,0.682509963766952
2126,6.59734352256364,6.11533621324536,4.60691365285377,2.95454206678018,2.48247470460086,2.05404603007092,1.6763713530026,1.35188230984934,1.07918602359349,0.854242137323488,0.671520533634903
2127,6.48861037653827,6.01454714014917,4.53098567886323,2.90584734568248,2.4415601259232,2.02019242136203,1.64874226820969,1.32960121683324,1.06139933529314,0.84016284658657,0.660452768701834
2128,6.37918681993377,5.91311810461793,4.45457557110084,2.85684341812072,2.40038576016672,1.98612387264986,1.62093777396056,1.30717867491342,1.04349973562273,0.825994182942824,0.649314749869745
2129,6.26915437767726,5.81112467506745,4.37774025788337,2.80756679323523,2.35898228264201,1.95186576478603,1.59297858394721,1.28463138795612,1.02550055872154,0.811746700950189,0.638114773900706
2130,6.15859646104987,5.70864416844984,4.30053798494032,2.75805482514741,2.31738107862413,1.9174440660604,1.56488589129586,1.26197644647187,1.00741544739575,0.797431199511117,0.626861329651192
2131,6.04759812201642,5.60575542253122,4.22302814385503,2.70834560292893,2.27561415090055,1.88288525570276,1.53668130613252,1.23923127726453,0.989258312922535,0.783058690053595,0.615563073057947
2132,5.93624579676515,5.50253855816796,4.14527109297044,2.65847783573849,2.23371402325939,1.84821624402588,1.50838679040779,1.21641359087037,0.971043293090085,0.768640363315999,0.6042288010264
2133,5.82462704006157,5.39907473306825,4.06732797187997,2.60849073384451,2.19171364052136,1.81346428970922,1.48002459038844,1.19354132711575,0.952784708736003,0.754187554943397,0.592867424384889
2134,5.71283025212468,5.29544588862285,3.98926051069638,2.55842388629895,2.14964626575835,1.77865691475517,1.45161716724965,1.17063259914347,0.934497019063354,0.739711710116442,0.581487940078436
2135,5.60094439981955,5.19173449146729,3.91113083535118,2.50831713606538,2.10754537537349,1.74382181767617,1.42318712622389,1.1477056362752,0.916194776027794,0.725224347445056,0.570099402784683
2136,5.48905873402502,5.08802327149905,3.83300127022279,2.45821045343405,2.06544455274228,1.70898678549162,1.39475714477852,1.12477872609094,0.897892578099748,0.710737022367539,0.558710896141129
2137,5.37726250507995,4.98439495811369,3.75493413942263,2.40814380857628,2.02337738113089,1.67417960512694,1.36634990030582,1.10187015611543,0.879605023713009,0.696261290301541,0.547331503777289
2138,5.26564467823375,4.88093201644508,3.67699156808388,2.35815704410055,1.98137733661624,1.63942797481442,1.33798799781457,1.07899815550599,0.86134666471457,0.681808669796127,0.535970280347877
2139,5.15429365102639,4.77771638539437,3.59923528499737,2.30828974847279,1.93947768173242,1.60475941609526,1.30969389811262,1.05618083713641,0.843131960130715,0.66739060593419,0.524636222762773
2140,5.04329697450152,4.67482921921195,3.52172642792406,2.25858113115311,1.89771136055962,1.57020118701536,1.28148984696375,1.03343614046673,0.824975230560556,0.65301843423168,0.513338241807608
2141,4.93274108011116,4.57235063435536,3.44452535288177,2.20906990028165,1.85611089595494,1.53578019709354,1.25339780569123,1.01078177557973,0.806890613501094,0.638703345274185,0.502085134344022
2142,4.82271101410562,4.47035946328556,3.36769144865899,2.15979414371663,1.81470828960006,1.50152292462058,1.22543938368382,0.988235168751729,0.788892019897052,0.624456350323089,0.490885556272176
2143,4.71329018111646,4.36893301678469,3.29128295774817,2.11079121418962,1.77353492550839,1.46745533682078,1.19763577323792,0.965813409907442,0.770993092194875,0.610288248112393,0.479747996429247
2144,4.6045600985365,4.26814685628198,3.21535680481883,2.06209761929644,1.73262147759519,1.43360281337542,1.17000768714367,0.943533202287614,0.753207164163165,0.596209593043851,0.46868075158719
2145,4.49660016317992,4.16807457756266,3.13996843376615,2.01374891698791,1.69199782186892,1.39999007376991,1.14257529939159,0.921410814633322,0.73554722272215,0.582230664972392,0.45769190270069
2146,4.38948743157045,4.06878760710927,3.06517165427627,1.96577961716409,1.65169295375084,1.36664110888412,1.11535818934232,0.899462036162982,0.718025872002624,0.56836144075635,0.44678929254239
2147,4.28329641505727,3.9703550121873,2.99101849874632,1.91822308990952,1.61173491097446,1.33357911719962,1.08837528966435,0.877702134588013,0.70065529983054,0.554611567727776,0.435980504847614
2148,4.17809889080071,3.87284332564124,2.91755909028672,1.87111148083605,1.5721507024569,1.30082644594808,1.06164483830434,0.856145817380541,0.683447246807739,0.540990339217762,0.425272845074481
2149,4.07396372950436,3.77631638621337,2.84484152241807,1.82447563392588,1.53296624347194,1.26840453747384,1.03518433471283,0.834807196472771,0.666412978132085,0.527506672250201,0.414673322868717
2150,3.97095674059941,3.68083519503981,2.77291175095547,1.77834502219107,1.49420629739062,1.23633388103033,1.0090105005047,0.813699756532674,0.649563258272535,0.514169087495424,0.404188636304932
2151,3.86914053541489,3.58645778881822,2.70181349845305,1.73274768638842,1.45589442418988,1.20463397017653,0.983139244689878,0.792836326925216,0.632908328586325,0.500985691552701,0.393825157958668
2152,3.76857440869399,3.49323912998127,2.63158817146025,1.68771018195116,1.41805293586503,1.17332326588564,0.957585633565874,0.772229057433055,0.616457887937229,0.487964161608303,0.383588922845879
2153,3.66931423864707,3.40123101405231,2.56227479072287,1.64325753422275,1.38070285881766,1.1424191654251,0.932363865320474,0.751889397775591,0.60022107634602,0.475111732493716,0.373485618249212
2154,3.57141240556574,3.31048199420605,2.49390993434611,1.59941320200376,1.34386390322819,1.11193797701589,0.907487249350898,0.731828080931464,0.584206461677114,0.462435186147214,0.363520575433544
2155,3.47491772886413,3.22103732291,2.42652769382598,1.5561990493519,1.30755443936265,1.08189490022899,0.882968190265239,0.712055110236997,0.568422029339469,0.449940843461379,0.35369876323719
2156,3.37987542226286,3.13293891038301,2.36015964275049,1.51363532550773,1.27179148070669,1.0523040120308,0.858818176493998,0.692579750202278,0.55287517495522,0.437634558479783,0.344024783509736
2157,3.28632706669125,3.04622529947752,2.29483481787414,1.47174065275599,1.23659067376708,1.02317825834513,0.835047773403804,0.67341052095793,0.537572699926568,0.425521714887811,0.334502868353349
2158,3.19431060035486,2.96093165647291,2.23057971217971,1.43053202197493,1.20196629433253,0.994529450959629,0.811666620772834,0.654555196219198,0.522520809810509,0.413607224726044,0.325136879111261
2159,3.10386032529929,2.87708977715977,2.16741827946,1.39002479557392,1.16793124994227,0.966368269568434,0.788683434457872,0.636020804630328,0.507725115391935,0.4018955292396,0.3159303070353
2160,3.01500692969859,2.79472810749998,2.10537194988074,1.35023271747387,1.13449708827173,0.938704268710701,0.766106012057035,0.617813634331047,0.493190636328889,0.39039060176345,0.306886275553969
2161,2.92777752500805,2.71387177806496,2.04445965592388,1.31116792974493,1.10167401111194,0.91154588933716,0.743941242349423,0.599939240568907,0.478921807229243,0.379095952532387,0.298007544053439
2162,2.84219569704632,2.63454265138554,1.98469786805826,1.27284099548301,1.06947089359041,0.884900474713625,0.722195118274256,0.582402456165882,0.46492248600586,0.368014635294524,0.289296513076366
2163,2.75828157001154,2.55675938129092,1.92610063944272,1.23526092747908,1.03789530825933,0.858774290351565,0.700872753196477,0.565207404635269,0.451195964347442,0.357149255599507,0.280755230837168
2164,2.67605188239002,2.48053748327103,1.8686796589341,1.19843522221484,1.00695355365886,0.833172547641351,0.679978400194214,0.548357515735453,0.437744980134657,0.346501980626516,0.272385400947763
2165,2.59552007368259,2.40588941486639,1.81244431164979,1.16236989870348,0.976650686951206,0.808099430853723,0.659515474095045,0.531855543240374,0.424571731625817,0.336074550412976,0.264188391244389
2166,2.51669638085486,2.33282466507123,1.75740174632081,1.12706954168549,0.946990560213867,0.783558127168728,0.63948657598301,0.515703584702452,0.411677893233074,0.325868290342264,0.256165243604151
2167,2.43958794340929,2.26134985172857,1.70355694866578,1.09253734868604,0.917975859977261,0.759550859389109,0.61989351989648,0.49990310298225,0.399064632708972,0.315884124747798,0.248316684639139
2168,2.36419891598153,2.19146882589975,1.6509128200195,1.05877518044224,0.889608149593804,0.736078920996393,0.600737361437877,0.484454949319917,0.386732629563766,0.306122591491339,0.240643137156396
2169,2.2905305873777,2.12318278220433,1.59947026045934,1.02578361421515,0.861887914030707,0.71314271321237,0.582018428020064,0.469359387726453,0.374682094536322,0.296583857375284,0.23314473227349
2170,2.2185815049932,2.05649037414824,1.5492282556898,0.993561999512083,0.834814606687877,0.690741783736126,0.563736350480146,0.454616120477696,0.362912789945306,0.287267734251747,0.225821322081825
2171,2.14834760358591,1.99138783348832,1.50018396696791,0.962108515759054,0.808386697854377,0.668874866836826,0.545890095799757,0.440224314500608,0.351424050752657,0.278173695695481,0.21867249275319
2172,2.07982233741633,1.92786909271764,1.45233282337983,0.931420231481263,0.782601724431903,0.647539924494828,0.528478000680869,0.426182628449472,0.340214806177827,0.269300894112731,0.211697577989027
2173,2.01299681481294,1.86592590979894,1.40566861581104,0.901493164569664,0.757456340570834,0.62673418829786,0.51149780573786,0.412489240279058,0.329283601708728,0.26064817816414,0.204895672716531
2174,1.94785993427182,1.80554799432024,1.36018359198802,0.872322343234755,0.732946368883671,0.606454201814947,0.494946690079466,0.399141875132212,0.318628621363683,0.252214110386328,0.198265646940969
2175,1.88439852125482,1.74672313429786,1.31586855200756,0.843901867273137,0.709066851921285,0.586695863187796,0.47882130606823,0.386137833370582,0.308247710067651,0.243996984903929,0.191806159669094
2176,1.82259746490824,1.68943732290588,1.27271294381066,0.816224969298474,0.685812103619296,0.567454467697482,0.463117814059789,0.373474018589099,0.298138396015484,0.235994845131367,0.185515672824497
2177,1.76243985398428,1.63367488446661,1.23070495809964,0.789284075615422,0.663175760444452,0.548724750082922,0.447831916939621,0.36114696546713,0.288297912904809,0.228205501371444,0.179392465081842
2178,1.70390711130911,1.57941859909382,1.18983162224025,0.76307086644249,0.641150831994054,0.530500926406834,0.432958894290488,0.349152867321822,0.278723221931187,0.220626548225749,0.173434645553181
2179,1.64697912620275,1.52664982543744,1.15007889273339,0.737576335217647,0.61972975082467,0.512776735284017,0.418493636039473,0.337487603241807,0.269411033448276,0.213255381739908,0.167640167265832
2180,1.59163438431791,1.47534862103594,1.11143174588441,0.712790846747877,0.598904421309609,0.495545478306051,0.404430675449232,0.326146764692051,0.26035782820585,0.206089216214682,0.162006840377564
2181,1.53785009442545,1.42549385983823,1.07387426634014,0.68870419399121,0.578666267347385,0.478800059515323,0.390764221333379,0.315125681493054,0.251559878088365,0.199125100621727,0.156532345081033
2182,1.4856023117332,1.3770633465124,1.03738973320492,0.665305653286097,0.559006278765685,0.462533023799742,0.37748818939106,0.304419447089755,0.24301326628652,0.192359934570539,0.15121424415538
2183,1.43486605738221,1.33003392721104,1.00196070348724,0.642584037868757,0.539915056286897,0.446736594097299,0.364596232570236,0.294022943037163,0.234713906843563,0.185790483780477,0.146049995128791
2184,1.3856154338192,1.28438159651421,0.967569092666524,0.620527749543574,0.521382854941868,0.431402707316721,0.352081770383149,0.28393086264103,0.226657563527093,0.179413395018866,0.141036962021341
2185,1.33782373579629,1.2400816003191,0.934196252206364,0.599124828395084,0.503399625838203,0.416523048896679,0.339938017110725,0.274137733702539,0.218839867985612,0.173225210472969,0.136172426642786
2186,1.29146355679837,1.19710853449139,0.901823043874575,0.578363000452067,0.485955056207966,0.402089085941407,0.328158008845164,0.264637940326087,0.21125633715718,0.167222381529934,0.131453599424988
2187,1.24650689074427,1.15543643913588,0.870429910762911,0.558229723234987,0.469038607676958,0.388092098884861,0.316734629331653,0.255425743758669,0.203902389905034,0.161401281944849,0.126877629773317
2188,1.20292522885128,1.11503888838365,0.839996944929081,0.538712229137162,0.452639552713932,0.374523211648965,0.305660634581117,0.246495302238202,0.196773362862051,0.155758220382552,0.122441615925764
2189,1.16068965159159,1.07588907562995,0.810503951611363,0.51979756660781,0.436747009232943,0.361373420273794,0.294928676235872,0.237840689836173,0.189864525472423,0.150289452323997,0.11814261431254
2190,1.11977091570584,1.03795989419023,0.781930509991402,0.501472639121295,0.421349973335677,0.348633620008772,0.284531323679312,0.229455914287446,0.183171094224808,0.144991191332615,0.113977648412557
2191,1.08013953627161,1.00122401337245,0.754256030503704,0.483724241931635,0.406437350192963,0.336294630864244,0.274461084889102,0.221334933806817,0.176688246076619,0.139859619680427,0.109943717106617
2192,1.04176586385424,0.965653949991081,0.727459808711047,0.466539096624586,0.391997983075819,0.324347221631988,0.264710426040823,0.213471672897914,0.170411131073936,0.134890898337442,0.106037802530078
2193,1.004620156794,0.93122213537274,0.701521075783403,0.449903883491439,0.378020680556293,0.312782132391409,0.255271789875802,0.205860037165494,0.16433488417586,0.130081176331328,0.102256877430486
2194,0.968672648706762,0.897900977925086,0.676419045634319,0.433805271759093,0.364494241907162,0.301590095525489,0.246137612852703,0.198493927146968,0.158454636295923,0.12542659948734,0.0985979120380397
2195,0.933893611295607,0.865662921359287,0.652132958782856,0.418229947720117,0.351407480737195,0.290761855276831,0.237300341107688,0.191367251183107,0.152765524576525,0.120923318561141,0.0950578804587936
2196,0.900253412588674,0.834480498672851,0.628642123021499,0.403164640814356,0.338749246905294,0.280288185879668,0.228752445252387,0.184473937351549,0.147262701915213,0.116567496779414,0.0916337666023399
2197,0.867722570733165,0.804326382013345,0.605925950980862,0.388596147720323,0.326508446762467,0.270159908308297,0.220486434042734,0.177807944489741,0.141941345764079,0.112355316805114,0.088322569657186
2198,0.836271803488044,0.775173428555049,0.583963994690682,0.374511354520215,0.314674061775242,0.260367905686338,0.212494866954849,0.171363272336508,0.136796666225582,0.108282987145791,0.0851213091283426
2199,0.80587207356809,0.746994722530096,0.562735977243722,0.360897257006905,0.303235165587966,0.250903137404314,0.204770365706791,0.165133970823537,0.131823913469771,0.104346748024758,0.0820270294526465
2200,0.776494629999971,0.719763613563007,0.542221821674793,0.347740979204893,0.292180939584468,0.241756651995599,0.197305624766979,0.159114148549689,0.127018384499168,0.100542876735919,0.0790368042081876
2201,0.748111045657123,0.693453751463226,0.522401677171363,0.335029790179911,0.281500687011827,0.23291959882266,0.190093420891661,0.153297980472327,0.122375429288624,0.096867692503816,0.0761477399347986
2202,0.720693251144548,0.668039117634249,0.503255942735245,0.322751119213803,0.271183845730647,0.224383238626852,0.183126621734935,0.147679714850705,0.117890456328108,0.093317560871093,0.073356979583033
2203,0.694213565207344,0.643494053260488,0.484765288416757,0.310892569422563,0.261219999657247,0.216138952995906,0.176398193575451,0.142253679477047,0.113558937596869,0.0898888976358436,0.0706617056093183
2204,0.668644721838099,0.619793284434178,0.466910674243635,0.29944192989592,0.251598888963659,0.208178252803612,0.16990120820432,0.13701428723119,0.109376412997626,0.0865781723615429,0.068059142735112
2205,0.64395989425827,0.596911944384674,0.449673366967026,0.288387186436957,0.242310419101343,0.200492785676252,0.163628849018721,0.131956040994683,0.105338494279412,0.0833819114822217,0.0655465603878759
2206,0.620132715947596,0.57482559297146,0.433034954746061,0.277716530979669,0.233344668714101,0.19307434253993,0.157574416365415,0.12707353796,0.101440868477563,0.0802967010254248,0.0631212748415965
2207,0.597137298893448,0.553510233600207,0.416977359891101,0.267418369761473,0.22469189650489,0.185914863302368,0.151731332177871,0.122361473370089,0.0976793008989441,0.0773191889752102,0.0607806510743381
2208,0.574948249229115,0.532942327718549,0.401482849783633,0.257481330326364,0.21634254712012,0.179006441721743,0.146093143949924,0.117814643722895,0.094049637680088,0.0744460872970686,0.0585221043600283
2209,0.553540680426334,0.513098807044784,0.386534046088282,0.247894267432731,0.208287256113639,0.172341329514059,0.140653528087984,0.113427949474721,0.0905478079452511,0.0716741736461668,0.0563431016113093
2210,0.532890224203067,0.493957083678763,0.372113932369363,0.238646267937966,0.200516854051004,0.165911939749178,0.135406292682687,0.109196397275416,0.0871698255907489,0.0690002927797616,0.054241162489836
2211,0.512973039302756,0.475495058239762,0.358205860221067,0.229726654729823,0.193022369812809,0.15971084958414,0.130345379739712,0.105115101767411,0.0839117907211161,0.0664213576940125,0.052213860299924
2212,0.49376581829607,0.457691126171328,0.344793554016751,0.221124989772155,0.185795033153908,0.153730802380805,0.125464866908112,0.101179286979542,0.080769890761786,0.0639343505047459,0.0502588226809152
2213,0.475245792550593,0.440524182347929,0.33186111437889,0.212831076330183,0.178826276573257,0.147964709253087,0.12075896874312,0.097384287345463,0.0777404012720971,0.0615363230910015,0.0483737321130717
2214,0.457390735508164,0.423973624112882,0.319393020467265,0.204834960437866,0.172107736546961,0.142405650087294,0.116222037538954,0.0937255483752757,0.0748196864814629,0.0592243975194533,0.0465563262512098
2215,0.440178964403591,0.408019352871554,0.307374131178757,0.197126931667249,0.165631254174825,0.137046874077192,0.11184856376556,0.0901986270077832,0.0720041995705898,0.0569957662670161,0.0448043980996918
2216,0.423589340552398,0.392641774358121,0.295789685347903,0.18969752325697,0.159388875288456,0.131881799813557,0.107633176141759,0.0867991916695172,0.0692904827186181,0.0548476922581691,0.0431157960417635
2217,0.407601268329139,0.37782179768858,0.284625301033076,0.182537511654365,0.153372850066656,0.126904014966028,0.103570641375678,0.0835230220654481,0.0666751669360704,0.0527775087327294,0.0414884237356114
2218,0.39219469295167,0.363540833306946,0.273866973968881,0.175637915522829,0.147575632201514,0.122107275593221,0.099655863601767,0.0803660087250204,0.0641549717024788,0.0507826189590216,0.0399202398888828
2219,0.377350097180683,0.349780789925969,0.26350107526107,0.168989994263398,0.141989877656331,0.117485505115106,0.0958838835421901,0.077324152325911,0.0617267044265738,0.0488604958065877,0.0384092579227941
2220,0.363048497037761,0.336524070558072,0.253514348396117,0.162585246096803,0.136608443054232,0.113032792979807,0.0922498774188304,0.0743935628166702,0.0593872597459199,0.0470086811918169,0.0369535455363358
2221,0.349271436639297,0.323753567726756,0.243893905633397,0.15641540574957,0.131424383734107,0.108743393055145,0.0887491556406312,0.0715704583581868,0.0571336186819275,0.0452247854090898,0.0355512241804882
2222,0.336000982237816,0.311452657943302,0.234627223843914,0.150472441785181,0.126430951508297,0.104611721773394,0.0853771612895425,0.0688511641027449,0.0549628476652093,0.0435064863592966,0.0342004684517549
2223,0.323219715556595,0.299605195528424,0.225702139855553,0.144748553618762,0.121621592154388,0.100632356056027,0.0821294684268971,0.0662321108282633,0.0528720974453375,0.0418515286868481,0.0328995054137677
2224,0.310910726498024,0.28819550585339,0.217106845361015,0.139236168251304,0.116989942671334,0.0968000310434741,0.0790017802406512,0.0637098334442033,0.0508586018981499,0.0402577228355942,0.0316466138551426
2225,0.299057605300806,0.277208378070269,0.208829881440908,0.133927936757083,0.112529828328212,0.0931096376532793,0.0759899270525795,0.0612809693845375,0.0489196767429016,0.0387229440333749,0.0304401234912347
2226,0.287644434216056,0.266629057396216,0.200860132750877,0.12881673055562,0.108235259531942,0.0895562199884767,0.0730898642032203,0.058942256902132,0.0470527181807139,0.0372451312142775,0.0292784141169221
2227,0.276655778767427,0.256443237012178,0.193186821418293,0.123895637497377,0.104100428538491,0.0861349726164522,0.0702976698311223,0.0566905332778876,0.0452552014649776,0.0358222858870263,0.0281599147170478
2228,0.266076678655722,0.246637049632053,0.185799500690688,0.119157957790241,0.100119706030313,0.0828412377371235,0.0676095425617564,0.05452273295703,0.0435246794135984,0.0344524709573418,0.0270831025406737
2229,0.255892638363977,0.23719705879421,0.178688048375045,0.114597199791887,0.0962876375810792,0.0796705022578625,0.0650217991203148,0.0524358856240204,0.0418587808722449,0.0331338095115108,0.0260465021448445
2230,0.246089617514733,0.228110249923296,0.171842660104057,0.110207075691175,0.0925989400271695,0.076618394791265,0.0625308718815422,0.0504271142266844,0.0402552091370551,0.0318644835678691,0.0250486844131268
2231,0.236654021027184,0.219364021206539,0.16525384246265,0.105981497099926,0.0890484977638704,0.0736806825906147,0.0601333063687147,0.0484936329593297,0.0387117403446074,0.0306427328023672,0.0240882655537757
2232,0.227572689118035,0.210946174325181,0.15891240600538,0.101914570574729,0.0856313589827635,0.0708532684366885,0.0578257587129037,0.046632745213837,0.0372262218363207,0.0294668532538992,0.0231639060819928
2233,0.218832887186291,0.202844905078323,0.1528094581928,0.0980005930867714,0.0823427318654477,0.0681321874884265,0.055604993082748,0.0448418415069643,0.0357965705038676,0.0283351960146,0.0222743097903671
2234,0.210422295618779,0.19504879393328,0.146936396272471,0.094234047456182,0.0791779807474378,0.0655136041089213,0.0534678790940803,0.0431183973914054,0.0344207711216174,0.027246165909876,0.0214182227112461
2235,0.202328999549963,0.187546796533585,0.141284900128084,0.0906095977659207,0.0761326222648707,0.0629938086771812,0.0514113892079407,0.0414599713574809,0.0330968746716015,0.0261982201725153,0.020594432074454
2236,0.194541478606605,0.180328234192931,0.135846925118003,0.0871220847688874,0.0732023214955142,0.0605692143951741,0.0494325961247377,0.0398642027317221,0.0318229966659953,0.0251898671148351,0.0198017652634642
2237,0.187048596664973,0.173382784400745,0.13061469492258,0.0837665213006623,0.0703828881045014,0.0582363540987804,0.0475286701815969,0.0383288095780237,0.0305973154716538,0.0242196648024501,0.019039088772849
2238,0.179839591645635,0.16670047136261,0.125580694417729,0.0805380877090873,0.0676702725042134,0.055991877080448,0.0456968767592582,0.0368515866064961,0.0294180706407893,0.0232862197329071,0.0183053071695516
2239,0.172904065368401,0.160271656596422,0.120737662590512,0.0774321273107937,0.0650605620367969,0.0538325459305747,0.0439345737042557,0.0354304030946405,0.0282835612514888,0.0223881855221041,0.017599362060281
2240,0.166231973487637,0.154087029603063,0.116078585510854,0.0744441418837334,0.0625499771869336,0.0517552334039178,0.0422392087715207,0.0340632008249928,0.0271921442613758,0.0215242616011166,0.0169202310670849
2241,0.159813615526041,0.148137598628329,0.111596689372033,0.0715697872038132,0.0601348678316575,0.0497569193166566,0.0406083170919999,0.0327479920429408,0.0261422328773757,0.0206931919257691,0.0162669268129437
2242,0.153639625022939,0.142414681531014,0.107285433611131,0.068804868632822,0.0578117095332707,0.0478346874791118,0.0390395186693735,0.0314828574380058,0.0251322949442123,0.0198937637010342,0.0156384959190196
2243,0.147700959811301,0.136909896770314,0.103138504119394,0.0661453367640147,0.0555770998806999,0.0459857226685437,0.0375305159094802,0.0302659441515003,0.0241608513539605,0.019124806122098,0.0150340180150066
2244,0.14198889243596,0.131615154524107,0.099149806551201,0.0635872831309386,0.0534277548839859,0.0442073076459127,0.0360790911856205,0.0290954638131183,0.023226474478692,0.018385189133706,0.0144526047638519
2245,0.136495000723917,0.12652264794821,0.0953134597392258,0.0611269359843735,0.0513605054260045,0.0424968202199902,0.0346831044425025,0.0279696906086864,0.0223277866279994,0.0176738222091997,0.0138933989019563
2246,0.131211158516118,0.121624844585318,0.0916237892223842,0.058760656141598,0.0493722937749519,0.0408517303617475,0.0333404908412199,0.0268869593810053,0.0214634585329322,0.016989653150462,0.0133555732958095
2247,0.126129526568786,0.116914477931091,0.0880753208921667,0.0564849329115876,0.0474601701606293,0.0392695973715286,0.0320492584473075,0.0258456637654284,0.0206322078576653,0.0163316669098125,0.0128383300158813
2248,0.121242543631062,0.112384539163692,0.0846627747621131,0.0542963800991853,0.0456212894170791,0.0377480671011252,0.0308074859636024,0.0248442543615732,0.0198327977400084,0.0156988844347332,0.0123408994284608
2249,0.116542917704656,0.108028269042011,0.0813810588643732,0.0521917320907797,0.043852907693704,0.0362848692325118,0.0296133205093469,0.0238812369423223,0.0190640353616858,0.0150903615361586,0.0118625393060169
2250,0.112023617490075,0.103839149976855,0.0782252632765706,0.0501678400235515,0.042152379236599,0.0348778146146753,0.0284649754467025,0.0229551707010589,0.0183247705491353,0.0145051877809236,0.011402533956552
2251,0.107677864023088,0.0998108982784634,0.075190654281512,0.0482216680399183,0.040517153241469,0.033524792659675,0.0273607282556029,0.0220646665378825,0.0176138944054252,0.0139424854088433,0.0109601933723174
2252,0.103499122504202,0.0959374565829374,0.0722726686616773,0.0463502896284199,0.0389447707791723,0.0322237687987923,0.0262989184576479,0.0212083853853724,0.0169303379737421,0.0134014082747823,0.0105348523981732
2253,0.099481094323115,0.092212986459394,0.0694669081298665,0.0445508840519263,0.0374328617946334,0.0309727819993881,0.0252779455895402,0.0203850365743052,0.0162730709327712,0.0128811408159699,0.0101258699197939
2254,0.0956177092793906,0.0886318611990167,0.0667691338968788,0.0428207328637293,0.035979142179597,0.0297699423428541,0.0242962672263837,0.01959337623958,0.0156411003241751,0.012380897044722,0.00973262807184685
2255,0.0919031179999728,0.0851886587865517,0.06417526137664,0.041157216511784,0.0345814109194454,0.0286134286638463,0.023352397054995,0.0188322057664762,0.0150334693122688,0.0118999195666488,0.00935453146620465
2256,0.0883316845535253,0.0818781550542575,0.0616813550287813,0.0395578110311047,0.0332375473140836,0.0275014862508022,0.0224449029972285,0.0181003702772444,0.0144492559758908,0.0114374786243473,0.00899100644019107
2257,0.0848979792610866,0.0786953170178216,0.0592836233383073,0.038020084824078,0.0319455082726944,0.0264324246075778,0.0215724053831848,0.0173967571579223,0.0138875721323872,0.0109928711665136,0.0086415003248094
2258,0.0815967717020335,0.0756352963933168,0.0569784139316496,0.0365416955282475,0.0307033256819867,0.0254046152758942,0.0207335751740451,0.0167202946251727,0.0133475621935417,0.0105654199423416,0.00830548073284921
2259,0.0784230239139305,0.0726934232938801,0.0547622088281151,0.0351203869709299,0.0295091038474017,0.0244164897181495,0.0199271322341722,0.0160699503328501,0.0128284020532224,0.0101544726210281,0.00798243486672828
2260,0.0753718837844625,0.0698652001044372,0.0526316198254674,0.0337539862098563,0.0283610170065972,0.0234665372600346,0.0191518436520189,0.0154447300179266,0.0123292980064473,0.00975940093614713,0.0076718688458852
2261,0.0724386786333097,0.0671462955324938,0.0505833840181478,0.0324404006588783,0.027257306914406,0.0225533030922872,0.018406522109299,0.0148436761853392,0.0118494856995205,0.0093795998546188,0.00737330705350476
2262,0.0696189089815352,0.0645325388327382,0.0486143594464372,0.0311776152976528,0.0261962804983528,0.0216753863308262,0.0176900242978062,0.014265866831261,0.0113882291108406,0.00901448676995723,0.00708629150232992
2263,0.0669082425057903,0.0620199142029603,0.0467215208746796,0.0299636899640962,0.0251763075837159,0.0208314381344287,0.0170012493831934,0.0137104142042423,0.0109448195619411,0.00866350071944828,0.00681038121928494
2264,0.0643025081744254,0.0596045553485828,0.0449019556965307,0.0287967567283049,0.0241958186870378,0.0200201598790427,0.0163391375149734,0.0131764636036271,0.0105185747582856,0.00832610162488119,0.00654515164861355
2265,0.0617976905623964,0.0572827402129275,0.0431528599650613,0.0276750173465491,0.0232533028769151,0.019240301387766,0.0157026683819519,0.0126631922146063,0.0101088378593107,0.0080017695564299,0.00629019407321598
2266,0.059389924341693,0.0550508858701781,0.0414715345454289,0.0265967407938735,0.0223473057008344,0.0184906592154741,0.015090859812259,0.012169807979237,0.00971497657717939,0.00769000401926178,0.00604511505385163
2267,0.0570754889438797,0.0529055435778806,0.0398553813877365,0.0255602608737774,0.0214764271767716,0.0177700749870329,0.0145027664171148,0.01169554850273,0.00933638230368823,0.00739032326243119,0.00580953588585967
2268,0.0548508033912184,0.0508433939857099,0.0383018999176142,0.0245639739033943,0.0206393198482283,0.0170774337880005,0.0139374782774302,0.0112396799942816,0.00897246926475077,0.00710226360960141,0.00558309207303935
2269,0.0527124212927583,0.0488612424971486,0.0368086835419961,0.0236063364725501,0.0198346869013406,0.0164116626066887,0.0133941196723258,0.0108014962417088,0.00862267370186554,0.00682537881112641,0.00536543281832097
2270,0.0506570260016951,0.046956014780655,0.0353734162675147,0.022685863275046,0.0190612803426734,0.0157717288264361,0.0128718478486293,0.0103803176191302,0.00828645307996416,0.0065592394170142,0.00515622053085211
2271,0.0486814259302535,0.0451247524268431,0.0339938694288933,0.0218011250104862,0.0183178992362876,0.0151566387669248,0.0123698518303979,0.00997549012692582,0.00796328532102653,0.00630343217028643,0.00495513034911702
2272,0.0467825500183037,0.0433646087481666,0.0326678985246915,0.020950746354955,0.0176033879986556,0.0145654362733613,0.0118873512675049,0.00958638446319847,0.00765266806284372,0.0060575594202434,0.00476184967970429
2273,0.0449574433518988,0.0416728447175687,0.0313934401577413,0.0201334039988348,0.0169166347499901,0.0139972013523346,0.0114235953223206,0.00921239512595564,0.00735411794230394,0.00582123855514154,0.00457607775133379
2274,0.0432032629279085,0.0400468250425556,0.0301685090776031,0.0193478247500523,0.016256569720546,0.0134510488531607,0.0109778615935161,0.00885293954522817,0.00706716990257722,0.00559410145378712,0.00439752518375457
2275,0.0415172735609263,0.0384840143711474,0.0289911953223701,0.0185927837010402,0.0156221637104591,0.0129261271935226,0.0105494550760173,0.00850745724434281,0.00679137652357233,0.00537579395555212,0.00422591357112381
2276,0.0398968439286337,0.0369819736261711,0.0278596614571594,0.0178671024577065,0.0150124266016833,0.012421617128219,0.0101377071561418,0.00817540902956585,0.00652630737504242,0.00516597534831749,0.00406097507947883
2277,0.0383394427518318,0.0355383564643821,0.0267721399066405,0.0171696474287129,0.0144264059206009,0.0119367305598399,0.00974197464095341,0.0078562762073419,0.00627154839171927,0.0049643178738537,0.0039024520579163
2278,0.0368426351053735,0.0341509058569218,0.0257269303789724,0.0164993281733761,0.0138631854498898,0.0114707093901985,0.00936163882087885,0.00754955982835595,0.00602670126985984,0.00477050625015005,0.00375009666309525
2279,0.0354040788562699,0.032817450787658,0.0247223973785458,0.0158550958065229,0.0133218838882437,0.0110228244113571,0.00899610456463831,0.00725477995765458,0.00579138288459565,0.0045842372102112,0.00360367049668455
2280,0.034021521225285,0.0315359030659927,0.0237569678049582,0.0152359414586479,0.0128016535565591,0.0105923742351008,0.00864479944555488,0.00697147497007184,0.00556522472748245,0.00440521905684295,0.00346294425537982
2281,0.032692795468383,0.0303042542507634,0.0228291286356815,0.0146408947897465,0.0123016791492215,0.0101786842597265,0.00830717289831737,0.00669920087021408,0.00534787236365471,0.00423317123295672,0.00332769739311969
2282,0.0314158176744441,0.0291205726819212,0.0219374246899202,0.0140690225552176,0.011821176529141,0.00978110567303169,0.00798269540528736,0.00643753063626992,0.00513898490799948,0.00406782390692898,0.00319771779513634
2283,0.0301885836757253,0.0279830006167143,0.0210804564711994,0.0135194272222575,0.0113593915652126,0.00939901449040568,0.00767085771145399,0.00618605358692276,0.00493823451977254,0.00390891757255884,0.00307280146348213
2284,0.0290091660676029,0.0268897514671694,0.0202568780862638,0.0129912456351944,0.010915599010897,0.00903181062694442,0.00737117006715714,0.00594437477065676,0.00474530591509085,0.00375620266317587,0.00295275221367944
2285,0.0278757113341971,0.0258391071357208,0.0194653952379145,0.0124836477282418,0.0104891014226436,0.00867891700253193,0.00708316149771492,0.00571211437675916,0.00455989589674503,0.00360943917945757,0.0028373813821479
2286,0.0267864370765493,0.024829415445898,0.0187047632894583,0.0119958352841781,0.0100792281169025,0.00833977867885066,0.00680637909910973,0.00548890716733717,0.00438171290078709,0.00346839633052591,0.00272650754406999
2287,0.0257396293400912,0.0238590876650508,0.0179737853984915,0.0115270407374931,0.00968533416449753,0.00801386202730535,0.00654038735890367,0.00527440192968074,0.00421047655936022,0.00333285218790001,0.00261995624136323
2288,0.0247336400382134,0.022926596116154,0.0172713107177913,0.0110765260205721,0.00930679942116126,0.00770065392686756,0.00628476750157316,0.00506826094831755,0.00404591727924851,0.00320259335189236,0.00251755972043391
2289,0.0237668844688201,0.0220304718758036,0.0165962326611378,0.010643581451522,0.00894302759305811,0.0073996609908703,0.0060391168574706,0.00487015949612197,0.00388777583563697,0.00307741463004484,0.00241915667939556
2290,0.0228378389208235,0.0211693025555815,0.0159474872319413,0.0102275246622758,0.00859344533615079,0.00711040882180522,0.0058030482546398,0.0046797853438537,0.0037358029805839,0.00295711872721045,0.00232459202444207
2291,0.0219450383676101,0.0203417301640387,0.0153240514126023,0.00982769956564702,0.00825750138829281,0.00683244129319775,0.00557618943273071,0.0044968382875183,0.00358975906571997,0.0028415159468965,0.00223371663507322
2292,0.0210870742445852,0.0195464490466129,0.0147249416125823,0.00944347536003704,0.0079346657329581,0.00656531985765977,0.00535818247827809,0.00432102969295617,0.0034494136787007,0.00273042390349417,0.00214638713787839
2293,0.0202625923079755,0.0187822039008684,0.0141492121732176,0.00907424557053273,0.00762442879354675,0.006308622880241,0.00514868328062771,0.00415208205708253,0.00331454529295103,0.00262366724502987,0.00206246568859111
2294,0.0194702905721458,0.0180477878645125,0.0135959539273587,0.0087194271251659,0.00732630065723421,0.00606194499622582,0.00494736100781298,0.00398972858521588,0.00318494093025302,0.00252107738608256,0.00198181976213531
2295,0.0187089173227596,0.0173420406737165,0.0130642928119719,0.00837845946513838,0.00703981032735959,0.00582489649254337,0.00475389760170309,0.00383371278394789,0.00306039583574023,0.00242249225052172,0.00190432195039145
2296,0.0179772692031887,0.0166638468893321,0.0125533885318899,0.00805080368785063,0.00676450500337592,0.00559710271198332,0.00456798729176365,0.00368378806902296,0.00294071316487383,0.00232775602372975,0.00182984976741838
2297,0.0172741893716486,0.0160121341886672,0.0120624332729502,0.00773594172160383,0.00649994938741351,0.00537820347943151,0.00438933612678864,0.00353971738771031,0.0028257036819881,0.00223671891398198,0.00175828546187415
2298,0.01659856572661,0.01538587172055,0.011590650462811,0.00743337553087893,0.00624572501653455,0.00516785254936336,0.00421766152398111,0.00340127285516695,0.0027151854700044,0.0021492369226675,0.00168951583638634
2299,0.0159493291981096,0.0147840685214768,0.0111372935777832,0.00714262635112732,0.00600142961978434,0.0049657170738542,0.0040526918347787,0.00326823540430406,0.00260898365092489,0.00206517162304262,0.00162343207363016
2300,0.0153254521026518,0.0142057719907053,0.0107016449940687,0.00686323395204016,0.00576667649917081,0.00477147709038848,0.00389416592683756,0.00314039444868409,0.00250693011672837,0.0019843899472183,0.0015599295688791
2301,0.0147259465594647,0.0136500664222195,0.010283014881842,0.00659475592829419,0.00554109393373045,0.00458482502877118,0.00374183278160618,0.00301754755799011,0.00240886327030236,0.00190676398109196,0.00149890776880069
2302,0.0141498629659414,0.0131160715915555,0.00988074014066007,0.00633676701680294,0.00532432460586484,0.00440546523646619,0.0035954511069381,0.00289950014562305,0.0023146277760567,0.00183217076694268,0.00144027001627656
2303,0.0135962885301642,0.0126029413955403,0.009494183374734,0.00608885843953182,0.0051160250491564,0.0042331135217072,0.00345478896420925,0.00278606516799595,0.00222407431987462,0.00176049211341772,0.00138392340103265
2304,0.0130643458584769,0.012109862543056,0.00912273190663973,0.00585063727096555,0.00491586511689783,0.00406749671374732,0.00331962340942287,0.00267706283510824,0.00213705937806869,0.00169161441264678,0.00132977861587272
2305,0.0125531915961337,0.0116360532950036,0.00876579682809206,0.00562172582934526,0.0047235274705933,0.00390835223963387,0.00318974014780112,0.0025723203319962,0.00205344499501868,0.00162542846422875,0.00127774981831418
2306,0.0120620151191161,0.0111807622516961,0.00842281208644955,0.0054017610908206,0.00453870708771332,0.00375542771691409,0.00306493320137833,0.00247167155066834,0.00197309856917979,0.00156182930584388,0.00122775449743228
2307,0.0115900372752723,0.0107432671859706,0.00809323360566071,0.00519039412569016,0.00436111078800891,0.00360848056169692,0.00294500458912699,0.00237495683214766,0.00189589264715873,0.00150071605025235,0.00117971334572457
2308,0,0,0,0,0,0,0,0,0,0,0
2309,0,0,0,0,0,0,0,0,0,0,0
2310,0,0,0,0,0,0,0,0,0,0,0
2311,0,0,0,0,0,0,0,0,0,0,0
2312,0,0,0,0,0,0,0,0,0,0,0
2313,0,0,0,0,0,0,0,0,0,0,0
2314,0,0,0,0,0,0,0,0,0,0,0
2315,0,0,0,0,0,0,0,0,0,0,0
2316,0,0,0,0,0,0,0,0,0,0,0
2317,0,0,0,0,0,0,0,0,0,0,0
2318,0,0,0,0,0,0,0,0,0,0,0
2319,0,0,0,0,0,0,0,0,0,0,0
2320,0,0,0,0,0,0,0,0,0,0,0
2321,0,0,0,0,0,0,0,0,0,0,0
2322,0,0,0,0,0,0,0,0,0,0,0
2323,0,0,0,0,0,0,0,0,0,0,0
2324,0,0,0,0,0,0,0,0,0,0,0
2325,0,0,0,0,0,0,0,0,0,0,0
2326,0,0,0,0,0,0,0,0,0,0,0
2327,0,0,0,0,0,0,0,0,0,0,0
2328,0,0,0,0,0,0,0,0,0,0,0
2329,0,0,0,0,0,0,0,0,0,0,0
2330,0,0,0,0,0,0,0,0,0,0,0
2331,0,0,0,0,0,0,0,0,0,0,0
2332,0,0,0,0,0,0,0,0,0,0,0
2333,0,0,0,0,0,0,0,0,0,0,0
2334,0,0,0,0,0,0,0,0,0,0,0
2335,0,0,0,0,0,0,0,0,0,0,0
2336,0,0,0,0,0,0,0,0,0,0,0
2337,0,0,0,0,0,0,0,0,0,0,0
2338,0,0,0,0,0,0,0,0,0,0,0
2339,0,0,0,0,0,0,0,0,0,0,0
2340,0,0,0,0,0,0,0,0,0,0,0
2341,0,0,0,0,0,0,0,0,0,0,0
2342,0,0,0,0,0,0,0,0,0,0,0
2343,0,0,0,0,0,0,0,0,0,0,0
2344,0,0,0,0,0,0,0,0,0,0,0
2345,0,0,0,0,0,0,0,0,0,0,0
2346,0,0,0,0,0,0,0,0,0,0,0
2347,0,0,0,0,0,0,0,0,0,0,0
2348,0,0,0,0,0,0,0,0,0,0,0
2349,0,0,0,0,0,0,0,0,0,0,0
2350,0,0,0,0,0,0,0,0,0,0,0
2351,0,0,0,0,0,0,0,0,0,0,0
2352,0,0,0,0,0,0,0,0,0,0,0
2353,0,0,0,0,0,0,0,0,0,0,0
2354,0,0,0,0,0,0,0,0,0,0,0
2355,0,0,0,0,0,0,0,0,0,0,0
2356,0,0,0,0,0,0,0,0,0,0,0
2357,0,0,0,0,0,0,0,0,0,0,0
2358,0,0,0,0,0,0,0,0,0,0,0
2359,0,0,0,0,0,0,0,0,0,0,0
2360,0,0,0,0,0,0,0,0,0,0,0
2361,0,0,0,0,0,0,0,0,0,0,0
2362,0,0,0,0,0,0,0,0,0,0,0
2363,0,0,0,0,0,0,0,0,0,0,0
2364,0,0,0,0,0,0,0,0,0,0,0
2365,0,0,0,0,0,0,0,0,0,0,0
2366,0,0,0,0,0,0,0,0,0,0,0
2367,0,0,0,0,0,0,0,0,0,0,0
2368,0,0,0,0,0,0,0,0,0,0,0
2369,0,0,0,0,0,0,0,0,0,0,0
2370,0,0,0,0,0,0,0,0,0,0,0
2371,0,0,0,0,0,0,0,0,0,0,0
2372,0,0,0,0,0,0,0,0,0,0,0
2373,0,0,0,0,0,0,0,0,0,0,0
2374,0,0,0,0,0,0,0,0,0,0,0
2375,0,0,0,0,0,0,0,0,0,0,0
2376,0,0,0,0,0,0,0,0,0,0,0
2377,0,0,0,0,0,0,0,0,0,0,0
2378,0,0,0,0,0,0,0,0,0,0,0
2379,0,0,0,0,0,0,0,0,0,0,0
2380,0,0,0,0,0,0,0,0,0,0,0
2381,0,0,0,0,0,0,0,0,0,0,0
2382,0,0,0,0,0,0,0,0,0,0,0
2383,0,0,0,0,0,0,0,0,0,0,0
2384,0,0,0,0,0,0,0,0,0,0,0
2385,0,0,0,0,0,0,0,0,0,0,0
2386,0,0,0,0,0,0,0,0,0,0,0
2387,0,0,0,0,0,0,0,0,0,0,0
2388,0,0,0,0,0,0,0,0,0,0,0
2389,0,0,0,0,0,0,0,0,0,0,0
2390,0,0,0,0,0,0,0,0,0,0,0
2391,0,0,0,0,0,0,0,0,0,0,0
2392,0,0,0,0,0,0,0,0,0,0,0
2393,0,0,0,0,0,0,0,0,0,0,0
2394,0,0,0,0,0,0,0,0,0,0,0
2395,0,0,0,0,0,0,0,0,0,0,0
2396,0,0,0,0,0,0,0,0,0,0,0
2397,0,0,0,0,0,0,0,0,0,0,0
2398,0,0,0,0,0,0,0,0,0,0,0
2399,0,0,0,0,0,0,0,0,0,0,0
2400,0,0,0,0,0,0,0,0,0,0,0
2401,0,0,0,0,0,0,0,0,0,0,0
2402,0,0,0,0,0,0,0,0,0,0,0
2403,0,0,0,0,0,0,0,0,0,0,0
2404,0,0,0,0,0,0,0,0,0,0,0
2405,0,0,0,0,0,0,0,0,0,0,0
2406,0,0,0,0,0,0,0,0,0,0,0
2407,0,0,0,0,0,0,0,0,0,0,0
2408,0,0,0,0,0,0,0,0,0,0,0
2409,0,0,0,0,0,0,0,0,0,0,0
2410,0,0,0,0,0,0,0,0,0,0,0
2411,0,0,0,0,0,0,0,0,0,0,0
2412,0,0,0,0,0,0,0,0,0,0,0
2413,0,0,0,0,0,0,0,0,0,0,0
2414,0,0,0,0,0,0,0,0,0,0,0
2415,0,0,0,0,0,0,0,0,0,0,0
2416,0,0,0,0,0,0,0,0,0,0,0
2417,0,0,0,0,0,0,0,0,0,0,0
2418,0,0,0,0,0,0,0,0,0,0,0
2419,0,0,0,0,0,0,0,0,0,0,0
2420,0,0,0,0,0,0,0,0,0,0,0
2421,0,0,0,0,0,0,0,0,0,0,0
2422,0,0,0,0,0,0,0,0,0,0,0
2423,0,0,0,0,0,0,0,0,0,0,0
2424,0,0,0,0,0,0,0,0,0,0,0
2425,0,0,0,0,0,0,0,0,0,0,0
2426,0,0,0,0,0,0,0,0,0,0,0
2427,0,0,0,0,0,0,0,0,0,0,0
2428,0,0,0,0,0,0,0,0,0,0,0
2429,0,0,0,0,0,0,0,0,0,0,0
2430,0,0,0,0,0,0,0,0,0,0,0
2431,0,0,0,0,0,0,0,0,0,0,0
2432,0,0,0,0,0,0,0,0,0,0,0
2433,0,0,0,0,0,0,0,0,0,0,0
2434,0,0,0,0,0,0,0,0,0,0,0
2435,0,0,0,0,0,0,0,0,0,0,0
2436,0,0,0,0,0,0,0,0,0,0,0
2437,0,0,0,0,0,0,0,0,0,0,0
2438,0,0,0,0,0,0,0,0,0,0,0
2439,0,0,0,0,0,0,0,0,0,0,0
2440,0,0,0,0,0,0,0,0,0,0,0
2441,0,0,0,0,0,0,0,0,0,0,0
2442,0,0,0,0,0,0,0,0,0,0,0
2443,0,0,0,0,0,0,0,0,0,0,0
2444,0,0,0,0,0,0,0,0,0,0,0
2445,0,0,0,0,0,0,0,0,0,0,0
2446,0,0,0,0,0,0,0,0,0,0,0
2447,0,0,0,0,0,0,0,0,0,0,0
2448,0,0,0,0,0,0,0,0,0,0,0
2449,0,0,0,0,0,0,0,0,0,0,0
2450,0,0,0,0,0,0,0,0,0,0,0
2451,0,0,0,0,0,0,0,0,0,0,0
2452,0,0,0,0,0,0,0,0,0,0,0
2453,0,0,0,0,0,0,0,0,0,0,0
2454,0,0,0,0,0,0,0,0,0,0,0
2455,0,0,0,0,0,0,0,0,0,0,0
2456,0,0,0,0,0,0,0,0,0,0,0
2457,0,0,0,0,0,0,0,0,0,0,0
2458,0,0,0,0,0,0,0,0,0,0,0
2459,0,0,0,0,0,0,0,0,0,0,0
2460,0,0,0,0,0,0,0,0,0,0,0
2461,0,0,0,0,0,0,0,0,0,0,0
2462,0,0,0,0,0,0,0,0,0,0,0
2463,0,0,0,0,0,0,0,0,0,0,0
2464,0,0,0,0,0,0,0,0,0,0,0
2465,0,0,0,0,0,0,0,0,0,0,0
2466,0,0,0,0,0,0,0,0,0,0,0
2467,0,0,0,0,0,0,0,0,0,0,0
2468,0,0,0,0,0,0,0,0,0,0,0
2469,0,0,0,0,0,0,0,0,0,0,0
2470,0,0,0,0,0,0,0,0,0,0,0
2471,0,0,0,0,0,0,0,0,0,0,0
2472,0,0,0,0,0,0,0,0,0,0,0
2473,0,0,0,0,0,0,0,0,0,0,0
2474,0,0,0,0,0,0,0,0,0,0,0
2475,0,0,0,0,0,0,0,0,0,0,0
2476,0,0,0,0,0,0,0,0,0,0,0
2477,0,0,0,0,0,0,0,0,0,0,0
2478,0,0,0,0,0,0,0,0,0,0,0
2479,0,0,0,0,0,0,0,0,0,0,0
2480,0,0,0,0,0,0,0,0,0,0,0
2481,0,0,0,0,0,0,0,0,0,0,0
2482,0,0,0,0,0,0,0,0,0,0,0
2483,0,0,0,0,0,0,0,0,0,0,0
2484,0,0,0,0,0,0,0,0,0,0,0
2485,0,0,0,0,0,0,0,0,0,0,0
2486,0,0,0,0,0,0,0,0,0,0,0
2487,0,0,0,0,0,0,0,0,0,0,0
2488,0,0,0,0,0,0,0,0,0,0,0
2489,0,0,0,0,0,0,0,0,0,0,0
2490,0,0,0,0,0,0,0,0,0,0,0
2491,0,0,0,0,0,0,0,0,0,0,0
2492,0,0,0,0,0,0,0,0,0,0,0
2493,0,0,0,0,0,0,0,0,0,0,0
2494,0,0,0,0,0,0,0,0,0,0,0
2495,0,0,0,0,0,0,0,0,0,0,0
2496,0,0,0,0,0,0,0,0,0,0,0
2497,0,0,0,0,0,0,0,0,0,0,0
2498,0,0,0,0,0,0,0,0,0,0,0
2499,0,0,0,0,0,0,0,0,0,0,0
2500,0,0,0,0,0,0,0,0,0,0,0
2501,0,0,0,0,0,0,0,0,0,0,0
2502,0,0,0,0,0,0,0,0,0,0,0
2503,0,0,0,0,0,0,0,0,0,0,0
2504,0,0,0,0,0,0,0,0,0,0,0
2505,0,0,0,0,0,0,0,0,0,0,0
2506,0,0,0,0,0,0,0,0,0,0,0
2507,0,0,0,0,0,0,0,0,0,0,0
2508,0,0,0,0,0,0,0,0,0,0,0
2509,0,0,0,0,0,0,0,0,0,0,0
2510,0,0,0,0,0,0,0,0,0,0,0
2511,0,0,0,0,0,0,0,0,0,0,0
2512,0,0,0,0,0,0,0,0,0,0,0
2513,0,0,0,0,0,0,0,0,0,0,0
2514,0,0,0,0,0,0,0,0,0,0,0
2515,0,0,0,0,0,0,0,0,0,0,0
2516,0,0,0,0,0,0,0,0,0,0,0
2517,0,0,0,0,0,0,0,0,0,0,0
2518,0,0,0,0,0,0,0,0,0,0,0
2519,0,0,0,0,0,0,0,0,0,0,0
2520,0,0,0,0,0,0,0,0,0,0,0
2521,0,0,0,0,0,0,0,0,0,0,0
2522,0,0,0,0,0,0,0,0,0,0,0
2523,0,0,0,0,0,0,0,0,0,0,0
2524,0,0,0,0,0,0,0,0,0,0,0
2525,0,0,0,0,0,0,0,0,0,0,0
2526,0,0,0,0,0,0,0,0,0,0,0
2527,0,0,0,0,0,0,0,0,0,0,0
2528,0,0,0,0,0,0,0,0,0,0,0
2529,0,0,0,0,0,0,0,0,0,0,0
2530,0,0,0,0,0,0,0,0,0,0,0
2531,0,0,0,0,0,0,0,0,0,0,0
2532,0,0,0,0,0,0,0,0,0,0,0
2533,0,0,0,0,0,0,0,0,0,0,0
2534,0,0,0,0,0,0,0,0,0,0,0
2535,0,0,0,0,0,0,0,0,0,0,0
2536,0,0,0,0,0,0,0,0,0,0,0
2537,0,0,0,0,0,0,0,0,0,0,0
2538,0,0,0,0,0,0,0,0,0,0,0
2539,0,0,0,0,0,0,0,0,0,0,0
2540,0,0,0,0,0,0,0,0,0,0,0
2541,0,0,0,0,0,0,0,0,0,0,0
2542,0,0,0,0,0,0,0,0,0,0,0
2543,0,0,0,0,0,0,0,0,0,0,0
2544,0,0,0,0,0,0,0,0,0,0,0
2545,0,0,0,0,0,0,0,0,0,0,0
2546,0,0,0,0,0,0,0,0,0,0,0
2547,0,0,0,0,0,0,0,0,0,0,0
2548,0,0,0,0,0,0,0,0,0,0,0
2549,0,0,0,0,0,0,0,0,0,0,0
2550,0,0,0,0,0,0,0,0,0,0,0
2551,0,0,0,0,0,0,0,0,0,0,0
2552,0,0,0,0,0,0,0,0,0,0,0
2553,0,0,0,0,0,0,0,0,0,0,0
2554,0,0,0,0,0,0,0,0,0,0,0
2555,0,0,0,0,0,0,0,0,0,0,0
2556,0,0,0,0,0,0,0,0,0,0,0
2557,0,0,0,0,0,0,0,0,0,0,0
2558,0,0,0,0,0,0,0,0,0,0,0
2559,0,0,0,0,0,0,0,0,0,0,0
2560,0,0,0,0,0,0,0,0,0,0,0
2561,0,0,0,0,0,0,0,0,0,0,0
2562,0,0,0,0,0,0,0,0,0,0,0
2563,0,0,0,0,0,0,0,0,0,0,0
2564,0,0,0,0,0,0,0,0,0,0,0
2565,0,0,0,0,0,0,0,0,0,0,0
2566,0,0,0,0,0,0,0,0,0,0,0
2567,0,0,0,0,0,0,0,0,0,0,0
2568,0,0,0,0,0,0,0,0,0,0,0
2569,0,0,0,0,0,0,0,0,0,0,0
2570,0,0,0,0,0,0,0,0,0,0,0
2571,0,0,0,0,0,0,0,0,0,0,0
2572,0,0,0,0,0,0,0,0,0,0,0
2573,0,0,0,0,0,0,0,0,0,0,0
2574,0,0,0,0,0,0,0,0,0,0,0
2575,0,0,0,0,0,0,0,0,0,0,0
2576,0,0,0,0,0,0,0,0,0,0,0
2577,0,0,0,0,0,0,0,0,0,0,0
2578,0,0,0,0,0,0,0,0,0,0,0
2579,0,0,0,0,0,0,0,0,0,0,0
2580,0,0,0,0,0,0,0,0,0,0,0
2581,0,0,0,0,0,0,0,0,0,0,0
2582,0,0,0,0,0,0,0,0,0,0,0
2583,0,0,0,0,0,0,0,0,0,0,0
2584,0,0,0,0,0,0,0,0,0,0,0
2585,0,0,0,0,0,0,0,0,0,0,0
2586,0,0,0,0,0,0,0,0,0,0,0
2587,0,0,0,0,0,0,0,0,0,0,0
2588,0,0,0,0,0,0,0,0,0,0,0
2589,0,0,0,0,0,0,0,0,0,0,0
2590,0,0,0,0,0,0,0,0,0,0,0
2591,0,0,0,0,0,0,0,0,0,0,0
2592,0,0,0,0,0,0,0,0,0,0,0
2593,0,0,0,0,0,0,0,0,0,0,0
2594,0,0,0,0,0,0,0,0,0,0,0
2595,0,0,0,0,0,0,0,0,0,0,0
2596,0,0,0,0,0,0,0,0,0,0,0
2597,0,0,0,0,0,0,0,0,0,0,0
2598,0,0,0,0,0,0,0,0,0,0,0
2599,0,0,0,0,0,0,0,0,0,0,0
2600,0,0,0,0,0,0,0,0,0,0,0
2601,0,0,0,0,0,0,0,0,0,0,0
2602,0,0,0,0,0,0,0,0,0,0,0
2603,0,0,0,0,0,0,0,0,0,0,0
2604,0,0,0,0,0,0,0,0,0,0,0
2605,0,0,0,0,0,0,0,0,0,0,0
2606,0,0,0,0,0,0,0,0,0,0,0
2607,0,0,0,0,0,0,0,0,0,0,0
2608,0,0,0,0,0,0,0,0,0,0,0
2609,0,0,0,0,0,0,0,0,0,0,0
2610,0,0,0,0,0,0,0,0,0,0,0
2611,0,0,0,0,0,0,0,0,0,0,0
2612,0,0,0,0,0,0,0,0,0,0,0
2613,0,0,0,0,0,0,0,0,0,0,0
2614,0,0,0,0,0,0,0,0,0,0,0
2615,0,0,0,0,0,0,0,0,0,0,0
2616,0,0,0,0,0,0,0,0,0,0,0
2617,0,0,0,0,0,0,0,0,0,0,0
2618,0,0,0,0,0,0,0,0,0,0,0
2619,0,0,0,0,0,0,0,0,0,0,0
2620,0,0,0,0,0,0,0,0,0,0,0
2621,0,0,0,0,0,0,0,0,0,0,0
2622,0,0,0,0,0,0,0,0,0,0,0
2623,0,0,0,0,0,0,0,0,0,0,0
2624,0,0,0,0,0,0,0,0,0,0,0
2625,0,0,0,0,0,0,0,0,0,0,0
2626,0,0,0,0,0,0,0,0,0,0,0
2627,0,0,0,0,0,0,0,0,0,0,0
2628,0,0,0,0,0,0,0,0,0,0,0
2629,0,0,0,0,0,0,0,0,0,0,0
2630,0,0,0,0,0,0,0,0,0,0,0
2631,0,0,0,0,0,0,0,0,0,0,0
2632,0,0,0,0,0,0,0,0,0,0,0
2633,0,0,0,0,0,0,0,0,0,0,0
2634,0,0,0,0,0,0,0,0,0,0,0
2635,0,0,0,0,0,0,0,0,0,0,0
2636,0,0,0,0,0,0,0,0,0,0,0
2637,0,0,0,0,0,0,0,0,0,0,0
2638,0,0,0,0,0,0,0,0,0,0,0
2639,0,0,0,0,0,0,0,0,0,0,0
2640,0,0,0,0,0,0,0,0,0,0,0
2641,0,0,0,0,0,0,0,0,0,0,0
2642,0,0,0,0,0,0,0,0,0,0,0
2643,0,0,0,0,0,0,0,0,0,0,0
2644,0,0,0,0,0,0,0,0,0,0,0
2645,0,0,0,0,0,0,0,0,0,0,0
2646,0,0,0,0,0,0,0,0,0,0,0
2647,0,0,0,0,0,0,0,0,0,0,0
2648,0,0,0,0,0,0,0,0,0,0,0
2649,0,0,0,0,0,0,0,0,0,0,0
2650,0,0,0,0,0,0,0,0,0,0,0
2651,0,0,0,0,0,0,0,0,0,0,0
2652,0,0,0,0,0,0,0,0,0,0,0
2653,0,0,0,0,0,0,0,0,0,0,0
2654,0,0,0,0,0,0,0,0,0,0,0
2655,0,0,0,0,0,0,0,0,0,0,0
2656,0,0,0,0,0,0,0,0,0,0,0
2657,0,0,0,0,0,0,0,0,0,0,0
2658,0,0,0,0,0,0,0,0,0,0,0
2659,0,0,0,0,0,0,0,0,0,0,0
2660,0,0,0,0,0,0,0,0,0,0,0
2661,0,0,0,0,0,0,0,0,0,0,0
2662,0,0,0,0,0,0,0,0,0,0,0
2663,0,0,0,0,0,0,0,0,0,0,0
2664,0,0,0,0,0,0,0,0,0,0,0
2665,0,0,0,0,0,0,0,0,0,0,0
2666,0,0,0,0,0,0,0,0,0,0,0
2667,0,0,0,0,0,0,0,0,0,0,0
2668,0,0,0,0,0,0,0,0,0,0,0
2669,0,0,0,0,0,0,0,0,0,0,0
2670,0,0,0,0,0,0,0,0,0,0,0
2671,0,0,0,0,0,0,0,0,0,0,0
2672,0,0,0,0,0,0,0,0,0,0,0
2673,0,0,0,0,0,0,0,0,0,0,0
2674,0,0,0,0,0,0,0,0,0,0,0
2675,0,0,0,0,0,0,0,0,0,0,0
2676,0,0,0,0,0,0,0,0,0,0,0
2677,0,0,0,0,0,0,0,0,0,0,0
2678,0,0,0,0,0,0,0,0,0,0,0
2679,0,0,0,0,0,0,0,0,0,0,0
2680,0,0,0,0,0,0,0,0,0,0,0
2681,0,0,0,0,0,0,0,0,0,0,0
2682,0,0,0,0,0,0,0,0,0,0,0
2683,0,0,0,0,0,0,0,0,0,0,0
2684,0,0,0,0,0,0,0,0,0,0,0
2685,0,0,0,0,0,0,0,0,0,0,0
2686,0,0,0,0,0,0,0,0,0,0,0
2687,0,0,0,0,0,0,0,0,0,0,0
2688,0,0,0,0,0,0,0,0,0,0,0
2689,0,0,0,0,0,0,0,0,0,0,0
2690,0,0,0,0,0,0,0,0,0,0,0
2691,0,0,0,0,0,0,0,0,0,0,0
2692,0,0,0,0,0,0,0,0,0,0,0
2693,0,0,0,0,0,0,0,0,0,0,0
2694,0,0,0,0,0,0,0,0,0,0,0
2695,0,0,0,0,0,0,0,0,0,0,0
2696,0,0,0,0,0,0,0,0,0,0,0
2697,0,0,0,0,0,0,0,0,0,0,0
2698,0,0,0,0,0,0,0,0,0,0,0
2699,0,0,0,0,0,0,0,0,0,0,0
2700,0,0,0,0,0,0,0,0,0,0,0
2701,0,0,0,0,0,0,0,0,0,0,0
2702,0,0,0,0,0,0,0,0,0,0,0
2703,0,0,0,0,0,0,0,0,0,0,0
2704,0,0,0,0,0,0,0,0,0,0,0
2705,0,0,0,0,0,0,0,0,0,0,0
2706,0,0,0,0,0,0,0,0,0,0,0
2707,0,0,0,0,0,0,0,0,0,0,0
2708,0,0,0,0,0,0,0,0,0,0,0
2709,0,0,0,0,0,0,0,0,0,0,0
2710,0,0,0,0,0,0,0,0,0,0,0
2711,0,0,0,0,0,0,0,0,0,0,0
2712,0,0,0,0,0,0,0,0,0,0,0
2713,0,0,0,0,0,0,0,0,0,0,0
2714,0,0,0,0,0,0,0,0,0,0,0
2715,0,0,0,0,0,0,0,0,0,0,0
2716,0,0,0,0,0,0,0,0,0,0,0
2717,0,0,0,0,0,0,0,0,0,0,0
2718,0,0,0,0,0,0,0,0,0,0,0
2719,0,0,0,0,0,0,0,0,0,0,0
2720,0,0,0,0,0,0,0,0,0,0,0
2721,0,0,0,0,0,0,0,0,0,0,0
2722,0,0,0,0,0,0,0,0,0,0,0
2723,0,0,0,0,0,0,0,0,0,0,0
2724,0,0,0,0,0,0,0,0,0,0,0
2725,0,0,0,0,0,0,0,0,0,0,0
2726,0,0,0,0,0,0,0,0,0,0,0
2727,0,0,0,0,0,0,0,0,0,0,0
2728,0,0,0,0,0,0,0,0,0,0,0
2729,0,0,0,0,0,0,0,0,0,0,0
2730,0,0,0,0,0,0,0,0,0,0,0
2731,0,0,0,0,0,0,0,0,0,0,0
2732,0,0,0,0,0,0,0,0,0,0,0
2733,0,0,0,0,0,0,0,0,0,0,0
2734,0,0,0,0,0,0,0,0,0,0,0
2735,0,0,0,0,0,0,0,0,0,0,0
2736,0,0,0,0,0,0,0,0,0,0,0
2737,0,0,0,0,0,0,0,0,0,0,0
2738,0,0,0,0,0,0,0,0,0,0,0
2739,0,0,0,0,0,0,0,0,0,0,0
2740,0,0,0,0,0,0,0,0,0,0,0
2741,0,0,0,0,0,0,0,0,0,0,0
2742,0,0,0,0,0,0,0,0,0,0,0
2743,0,0,0,0,0,0,0,0,0,0,0
2744,0,0,0,0,0,0,0,0,0,0,0
2745,0,0,0,0,0,0,0,0,0,0,0
2746,0,0,0,0,0,0,0,0,0,0,0
2747,0,0,0,0,0,0,0,0,0,0,0
2748,0,0,0,0,0,0,0,0,0,0,0
2749,0,0,0,0,0,0,0,0,0,0,0
2750,0,0,0,0,0,0,0,0,0,0,0
2751,0,0,0,0,0,0,0,0,0,0,0
2752,0,0,0,0,0,0,0,0,0,0,0
2753,0,0,0,0,0,0,0,0,0,0,0
2754,0,0,0,0,0,0,0,0,0,0,0
2755,0,0,0,0,0,0,0,0,0,0,0
2756,0,0,0,0,0,0,0,0,0,0,0
2757,0,0,0,0,0,0,0,0,0,0,0
2758,0,0,0,0,0,0,0,0,0,0,0
2759,0,0,0,0,0,0,0,0,0,0,0
2760,0,0,0,0,0,0,0,0,0,0,0
2761,0,0,0,0,0,0,0,0,0,0,0
2762,0,0,0,0,0,0,0,0,0,0,0
2763,0,0,0,0,0,0,0,0,0,0,0
2764,0,0,0,0,0,0,0,0,0,0,0
2765,0,0,0,0,0,0,0,0,0,0,0
2766,0,0,0,0,0,0,0,0,0,0,0
2767,0,0,0,0,0,0,0,0,0,0,0
2768,0,0,0,0,0,0,0,0,0,0,0
2769,0,0,0,0,0,0,0,0,0,0,0
2770,0,0,0,0,0,0,0,0,0,0,0
2771,0,0,0,0,0,0,0,0,0,0,0
2772,0,0,0,0,0,0,0,0,0,0,0
2773,0,0,0,0,0,0,0,0,0,0,0
2774,0,0,0,0,0,0,0,0,0,0,0
2775,0,0,0,0,0,0,0,0,0,0,0
2776,0,0,0,0,0,0,0,0,0,0,0
2777,0,0,0,0,0,0,0,0,0,0,0
2778,0,0,0,0,0,0,0,0,0,0,0
2779,0,0,0,0,0,0,0,0,0,0,0
2780,0,0,0,0,0,0,0,0,0,0,0
2781,0,0,0,0,0,0,0,0,0,0,0
2782,0,0,0,0,0,0,0,0,0,0,0
2783,0,0,0,0,0,0,0,0,0,0,0
2784,0,0,0,0,0,0,0,0,0,0,0
2785,0,0,0,0,0,0,0,0,0,0,0
2786,0,0,0,0,0,0,0,0,0,0,0
2787,0,0,0,0,0,0,0,0,0,0,0
2788,0,0,0,0,0,0,0,0,0,0,0
2789,0,0,0,0,0,0,0,0,0,0,0
2790,0,0,0,0,0,0,0,0,0,0,0
2791,0,0,0,0,0,0,0,0,0,0,0
2792,0,0,0,0,0,0,0,0,0,0,0
2793,0,0,0,0,0,0,0,0,0,0,0
2794,0,0,0,0,0,0,0,0,0,0,0
2795,0,0,0,0,0,0,0,0,0,0,0
2796,0,0,0,0,0,0,0,0,0,0,0
2797,0,0,0,0,0,0,0,0,0,0,0
2798,0,0,0,0,0,0,0,0,0,0,0
2799,0,0,0,0,0,0,0,0,0,0,0
2800,0,0,0,0,0,0,0,0,0,0,0
2801,0,0,0,0,0,0,0,0,0,0,0
2802,0,0,0,0,0,0,0,0,0,0,0
2803,0,0,0,0,0,0,0,0,0,0,0
2804,0,0,0,0,0,0,0,0,0,0,0
2805,0,0,0,0,0,0,0,0,0,0,0
2806,0,0,0,0,0,0,0,0,0,0,0
2807,0,0,0,0,0,0,0,0,0,0,0
2808,0,0,0,0,0,0,0,0,0,0,0
2809,0,0,0,0,0,0,0,0,0,0,0
2810,0,0,0,0,0,0,0,0,0,0,0
2811,0,0,0,0,0,0,0,0,0,0,0
2812,0,0,0,0,0,0,0,0,0,0,0
2813,0,0,0,0,0,0,0,0,0,0,0
2814,0,0,0,0,0,0,0,0,0,0,0
2815,0,0,0,0,0,0,0,0,0,0,0
2816,0,0,0,0,0,0,0,0,0,0,0
2817,0,0,0,0,0,0,0,0,0,0,0
2818,0,0,0,0,0,0,0,0,0,0,0
2819,0,0,0,0,0,0,0,0,0,0,0
2820,0,0,0,0,0,0,0,0,0,0,0
2821,0,0,0,0,0,0,0,0,0,0,0
2822,0,0,0,0,0,0,0,0,0,0,0
2823,0,0,0,0,0,0,0,0,0,0,0
2824,0,0,0,0,0,0,0,0,0,0,0
2825,0,0,0,0,0,0,0,0,0,0,0
2826,0,0,0,0,0,0,0,0,0,0,0
2827,0,0,0,0,0,0,0,0,0,0,0
2828,0,0,0,0,0,0,0,0,0,0,0
2829,0,0,0,0,0,0,0,0,0,0,0
2830,0,0,0,0,0,0,0,0,0,0,0
2831,0,0,0,0,0,0,0,0,0,0,0
2832,0,0,0,0,0,0,0,0,0,0,0
2833,0,0,0,0,0,0,0,0,0,0,0
2834,0,0,0,0,0,0,0,0,0,0,0
2835,0,0,0,0,0,0,0,0,0,0,0
2836,0,0,0,0,0,0,0,0,0,0,0
2837,0,0,0,0,0,0,0,0,0,0,0
2838,0,0,0,0,0,0,0,0,0,0,0
2839,0,0,0,0,0,0,0,0,0,0,0
2840,0,0,0,0,0,0,0,0,0,0,0
2841,0,0,0,0,0,0,0,0,0,0,0
2842,0,0,0,0,0,0,0,0,0,0,0
2843,0,0,0,0,0,0,0,0,0,0,0
2844,0,0,0,0,0,0,0,0,0,0,0
2845,0,0,0,0,0,0,0,0,0,0,0
2846,0,0,0,0,0,0,0,0,0,0,0
2847,0,0,0,0,0,0,0,0,0,0,0
2848,0,0,0,0,0,0,0,0,0,0,0
2849,0,0,0,0,0,0,0,0,0,0,0
2850,0,0,0,0,0,0,0,0,0,0,0
2851,0,0,0,0,0,0,0,0,0,0,0
2852,0,0,0,0,0,0,0,0,0,0,0
2853,0,0,0,0,0,0,0,0,0,0,0
2854,0,0,0,0,0,0,0,0,0,0,0
2855,0,0,0,0,0,0,0,0,0,0,0
2856,0,0,0,0,0,0,0,0,0,0,0
2857,0,0,0,0,0,0,0,0,0,0,0
2858,0,0,0,0,0,0,0,0,0,0,0
2859,0,0,0,0,0,0,0,0,0,0,0
2860,0,0,0,0,0,0,0,0,0,0,0
2861,0,0,0,0,0,0,0,0,0,0,0
2862,0,0,0,0,0,0,0,0,0,0,0
2863,0,0,0,0,0,0,0,0,0,0,0
2864,0,0,0,0,0,0,0,0,0,0,0
2865,0,0,0,0,0,0,0,0,0,0,0
2866,0,0,0,0,0,0,0,0,0,0,0
2867,0,0,0,0,0,0,0,0,0,0,0
2868,0,0,0,0,0,0,0,0,0,0,0
2869,0,0,0,0,0,0,0,0,0,0,0
2870,0,0,0,0,0,0,0,0,0,0,0
2871,0,0,0,0,0,0,0,0,0,0,0
2872,0,0,0,0,0,0,0,0,0,0,0
2873,0,0,0,0,0,0,0,0,0,0,0
2874,0,0,0,0,0,0,0,0,0,0,0
2875,0,0,0,0,0,0,0,0,0,0,0
2876,0,0,0,0,0,0,0,0,0,0,0
2877,0,0,0,0,0,0,0,0,0,0,0
2878,0,0,0,0,0,0,0,0,0,0,0
2879,0,0,0,0,0,0,0,0,0,0,0
2880,0,0,0,0,0,0,0,0,0,0,0
2881,0,0,0,0,0,0,0,0,0,0,0
2882,0,0,0,0,0,0,0,0,0,0,0
2883,0,0,0,0,0,0,0,0,0,0,0
2884,0,0,0,0,0,0,0,0,0,0,0
2885,0,0,0,0,0,0,0,0,0,0,0
2886,0,0,0,0,0,0,0,0,0,0,0
2887,0,0,0,0,0,0,0,0,0,0,0
2888,0,0,0,0,0,0,0,0,0,0,0
2889,0,0,0,0,0,0,0,0,0,0,0
2890,0,0,0,0,0,0,0,0,0,0,0
2891,0,0,0,0,0,0,0,0,0,0,0
2892,0,0,0,0,0,0,0,0,0,0,0
2893,0,0,0,0,0,0,0,0,0,0,0
2894,0,0,0,0,0,0,0,0,0,0,0
2895,0,0,0,0,0,0,0,0,0,0,0
2896,0,0,0,0,0,0,0,0,0,0,0
2897,0,0,0,0,0,0,0,0,0,0,0
2898,0,0,0,0,0,0,0,0,0,0,0
2899,0,0,0,0,0,0,0,0,0,0,0
2900,0,0,0,0,0,0,0,0,0,0,0
2901,0,0,0,0,0,0,0,0,0,0,0
2902,0,0,0,0,0,0,0,0,0,0,0
2903,0,0,0,0,0,0,0,0,0,0,0
2904,0,0,0,0,0,0,0,0,0,0,0
2905,0,0,0,0,0,0,0,0,0,0,0
2906,0,0,0,0,0,0,0,0,0,0,0
2907,0,0,0,0,0,0,0,0,0,0,0
2908,0,0,0,0,0,0,0,0,0,0,0
2909,0,0,0,0,0,0,0,0,0,0,0
2910,0,0,0,0,0,0,0,0,0,0,0
2911,0,0,0,0,0,0,0,0,0,0,0
2912,0,0,0,0,0,0,0,0,0,0,0
2913,0,0,0,0,0,0,0,0,0,0,0
2914,0,0,0,0,0,0,0,0,0,0,0
2915,0,0,0,0,0,0,0,0,0,0,0
2916,0,0,0,0,0,0,0,0,0,0,0
2917,0,0,0,0,0,0,0,0,0,0,0
2918,0,0,0,0,0,0,0,0,0,0,0
2919,0,0,0,0,0,0,0,0,0,0,0
2920,0,0,0,0,0,0,0,0,0,0,0
2921,0,0,0,0,0,0,0,0,0,0,0
2922,0,0,0,0,0,0,0,0,0,0,0
2923,0,0,0,0,0,0,0,0,0,0,0
2924,0,0,0,0,0,0,0,0,0,0,0
2925,0,0,0,0,0,0,0,0,0,0,0
2926,0,0,0,0,0,0,0,0,0,0,0
2927,0,0,0,0,0,0,0,0,0,0,0
2928,0,0,0,0,0,0,0,0,0,0,0
2929,0,0,0,0,0,0,0,0,0,0,0
2930,0,0,0,0,0,0,0,0,0,0,0
2931,0,0,0,0,0,0,0,0,0,0,0
2932,0,0,0,0,0,0,0,0,0,0,0
2933,0,0,0,0,0,0,0,0,0,0,0
2934,0,0,0,0,0,0,0,0,0,0,0
2935,0,0,0,0,0,0,0,0,0,0,0
2936,0,0,0,0,0,0,0,0,0,0,0
2937,0,0,0,0,0,0,0,0,0,0,0
2938,0,0,0,0,0,0,0,0,0,0,0
2939,0,0,0,0,0,0,0,0,0,0,0
2940,0,0,0,0,0,0,0,0,0,0,0
2941,0,0,0,0,0,0,0,0,0,0,0
2942,0,0,0,0,0,0,0,0,0,0,0
2943,0,0,0,0,0,0,0,0,0,0,0
2944,0,0,0,0,0,0,0,0,0,0,0
2945,0,0,0,0,0,0,0,0,0,0,0
2946,0,0,0,0,0,0,0,0,0,0,0
2947,0,0,0,0,0,0,0,0,0,0,0
2948,0,0,0,0,0,0,0,0,0,0,0
2949,0,0,0,0,0,0,0,0,0,0,0
2950,0,0,0,0,0,0,0,0,0,0,0
2951,0,0,0,0,0,0,0,0,0,0,0
2952,0,0,0,0,0,0,0,0,0,0,0
2953,0,0,0,0,0,0,0,0,0,0,0
2954,0,0,0,0,0,0,0,0,0,0,0
2955,0,0,0,0,0,0,0,0,0,0,0
2956,0,0,0,0,0,0,0,0,0,0,0
2957,0,0,0,0,0,0,0,0,0,0,0
2958,0,0,0,0,0,0,0,0,0,0,0
2959,0,0,0,0,0,0,0,0,0,0,0
2960,0,0,0,0,0,0,0,0,0,0,0
2961,0,0,0,0,0,0,0,0,0,0,0
2962,0,0,0,0,0,0,0,0,0,0,0
2963,0,0,0,0,0,0,0,0,0,0,0
2964,0,0,0,0,0,0,0,0,0,0,0
2965,0,0,0,0,0,0,0,0,0,0,0
2966,0,0,0,0,0,0,0,0,0,0,0
2967,0,0,0,0,0,0,0,0,0,0,0
2968,0,0,0,0,0,0,0,0,0,0,0
2969,0,0,0,0,0,0,0,0,0,0,0
2970,0,0,0,0,0,0,0,0,0,0,0
2971,0,0,0,0,0,0,0,0,0,0,0
2972,0,0,0,0,0,0,0,0,0,0,0
2973,0,0,0,0,0,0,0,0,0,0,0
2974,0,0,0,0,0,0,0,0,0,0,0
2975,0,0,0,0,0,0,0,0,0,0,0
2976,0,0,0,0,0,0,0,0,0,0,0
2977,0,0,0,0,0,0,0,0,0,0,0
2978,0,0,0,0,0,0,0,0,0,0,0
2979,0,0,0,0,0,0,0,0,0,0,0
2980,0,0,0,0,0,0,0,0,0,0,0
2981,0,0,0,0,0,0,0,0,0,0,0
2982,0,0,0,0,0,0,0,0,0,0,0
2983,0,0,0,0,0,0,0,0,0,0,0
2984,0,0,0,0,0,0,0,0,0,0,0
2985,0,0,0,0,0,0,0,0,0,0,0
2986,0,0,0,0,0,0,0,0,0,0,0
2987,0,0,0,0,0,0,0,0,0,0,0
2988,0,0,0,0,0,0,0,0,0,0,0
2989,0,0,0,0,0,0,0,0,0,0,0
2990,0,0,0,0,0,0,0,0,0,0,0
2991,0,0,0,0,0,0,0,0,0,0,0
2992,0,0,0,0,0,0,0,0,0,0,0
2993,0,0,0,0,0,0,0,0,0,0,0
2994,0,0,0,0,0,0,0,0,0,0,0
2995,0,0,0,0,0,0,0,0,0,0,0
2996,0,0,0,0,0,0,0,0,0,0,0
2997,0,0,0,0,0,0,0,0,0,0,0
2998,0,0,0,0,0,0,0,0,0,0,0
2999,0,0,0,0,0,0,0,0,0,0,0
3000,0,0,0,0,0,0,0,0,0,0,0
3001,0,0,0,0,0,0,0,0,0,0,0
3002,0,0,0,0,0,0,0,0,0,0,0
3003,0,0,0,0,0,0,0,0,0,0,0
3004,0,0,0,0,0,0,0,0,0,0,0
3005,0,0,0,0,0,0,0,0,0,0,0
3006,0,0,0,0,0,0,0,0,0,0,0
3007,0,0,0,0,0,0,0,0,0,0,0
3008,0,0,0,0,0,0,0,0,0,0,0
3009,0,0,0,0,0,0,0,0,0,0,0
3010,0,0,0,0,0,0,0,0,0,0,0
